# Made in Blockbench 5.1.6
mtllib blackhole_bomb.mtl

o mesh
v 0.1875 1.25 0.1875
v 0.1875 1.25 -0.1875
v 0.1875 1 0.1875
v 0.1875 1 -0.1875
v -0.1875 1.25 0.1875
v -0.1875 1.25 -0.1875
v -0.1875 1 0.1875
v -0.1875 1 -0.1875
vt 0.1328125 0.9453125
vt 0.0859375 0.9453125
vt 0.0859375 0.9140625
vt 0.1328125 0.9140625
vt 0.1328125 0.8203125
vt 0.1328125 0.8515625
vt 0.0859375 0.8515625
vt 0.0859375 0.8203125
vt 0.4765625 0.8671875
vt 0.5234375 0.8671875
vt 0.5234375 0.9140625
vt 0.4765625 0.9140625
vt 0.546875 0.515625
vt 0.546875 0.5625
vt 0.5 0.5625
vt 0.5 0.515625
vt 0.3046875 0.7265625
vt 0.3046875 0.7578125
vt 0.2578125 0.7578125
vt 0.2578125 0.7265625
vt 0.3046875 0.6640625
vt 0.2578125 0.6640625
vt 0.2578125 0.6328125
vt 0.3046875 0.6328125
vn 1 0 0
vn -1 0 0
vn 0 1 0
vn 0 -1 0
vn 0 0 1
vn 0 0 -1
usemtl m_bcf2eaaa-b239-c27d-7aaf-8bd85964fdf7
f 2/1/1 1/2/1 3/3/1 4/4/1
f 7/5/2 5/6/2 6/7/2 8/8/2
f 5/9/3 1/10/3 2/11/3 6/12/3
f 4/13/4 3/14/4 7/15/4 8/16/4
f 3/17/5 1/18/5 5/19/5 7/20/5
f 6/21/6 2/22/6 4/23/6 8/24/6
o beveled_cuboid
v 0.25 1 0.25
v 0.25 1 -0.25
v -0.25 1 0.25
v -0.25 1 -0.25
v 0.25 0 0.25
v 0.25 0 -0.25
v -0.25 0 0.25
v -0.25 0 -0.25
v -0.5 0.25 0.25
v -0.5 0.75 0.25
v -0.5 0.25 -0.25
v -0.5 0.75 -0.25
v 0.5 0.25 0.25
v 0.5 0.75 0.25
v 0.5 0.25 -0.25
v 0.5 0.75 -0.25
v 0.25 0.25 -0.5
v 0.25 0.75 -0.5
v -0.25 0.25 -0.5
v -0.25 0.75 -0.5
v 0.25 0.25 0.5
v 0.25 0.75 0.5
v -0.25 0.25 0.5
v -0.25 0.75 0.5
vt 0.3046875 0.9453125
vt 0.2421875 0.9453125
vt 0.2421875 0.8828125
vt 0.3046875 0.8828125
vt 0.0625 0.640625
vt 0.0625 0.703125
vt 0 0.703125
vt 0 0.640625
vt 0.1328125 0.640625
vt 0.1328125 0.703125
vt 0.0703125 0.703125
vt 0.0703125 0.640625
vt 0.40625 0.859375
vt 0.46875 0.859375
vt 0.46875 0.921875
vt 0.40625 0.921875
vt 0.4921875 0.5078125
vt 0.4921875 0.5703125
vt 0.4296875 0.5703125
vt 0.4296875 0.5078125
vt 0.6484375 0.921875
vt 0.5859375 0.921875
vt 0.5859375 0.859375
vt 0.6484375 0.859375
vt 0.3046875 0.875
vt 0.2421875 0.875
vt 0.2421875 0.828125
vt 0.3046875 0.828125
vt 0.3046875 0.3671875
vt 0.3046875 0.4140625
vt 0.2421875 0.4140625
vt 0.2421875 0.3671875
vt 0.10156250000000001 0.7136179687499999
vt 0.10156250000000001 0.7578125
vt 0.039062500000000014 0.7578125
vt 0.039062500000000014 0.7136179687499999
vt 0.3203125 0.71875
vt 0.2578125 0.71875
vt 0.2578125 0.6745554687499999
vt 0.3203125 0.6745554687499999
vt 0.3125 0.40625
vt 0.3125 0.359375
vt 0.375 0.359375
vt 0.375 0.40625
vt 0.59375 0.59375
vt 0.65625 0.59375
vt 0.65625 0.640625
vt 0.59375 0.640625
vt 0.0859375 0.859375
vt 0.1484375 0.859375
vt 0.1484375 0.9035695312500001
vt 0.0859375 0.9035695312500001
vt 0.2578125 0.9973195312500001
vt 0.2578125 0.953125
vt 0.3203125 0.953125
vt 0.3203125 0.9973195312500001
vt 0.3828125 0.34375
vt 0.4296875 0.34375
vt 0.4296875 0.40625
vt 0.3828125 0.40625
vt 0.4375 0.40625
vt 0.4375 0.34375
vt 0.484375 0.34375
vt 0.484375 0.40625
vt 0.4921875 0.40625
vt 0.4921875 0.34375
vt 0.5390625 0.34375
vt 0.5390625 0.40625
vt 0.546875 0.3359375
vt 0.59375 0.3359375
vt 0.59375 0.3984375
vt 0.546875 0.3984375
vt 0.1484375 0.859375
vt 0.18671054201433063 0.8814725599965543
vt 0.1484375 0.9035692066659424
vt 0.0859375 0.859375
vt 0.0859375 0.9035692066659424
vt 0.04766445798566939 0.8814725599965543
vt 0.2578125 0.953125
vt 0.2578125 0.9973192066659424
vt 0.21953945798566937 0.9752225599965543
vt 0.3203125 0.953125
vt 0.3585855420143306 0.9752225599965543
vt 0.3203125 0.9973192066659424
vt 0.10156250000000001 0.7578125
vt 0.1015625 0.7136182933340576
vt 0.1398355420143306 0.7357149400034457
vt 0.039062500000000014 0.7578125
vt 0.0007894579856694006 0.7357149400034457
vt 0.03906250000000002 0.7136182933340576
vt 0.2578125 0.71875
vt 0.2195394579856694 0.6966524400034457
vt 0.2578125 0.6745557933340576
vt 0.3203125 0.71875
vt 0.3203125 0.6745557933340576
vt 0.35858554201433057 0.6966524400034457
vn 1 0 0
vn -1 0 0
vn 0 1 0
vn 0 -1 0
vn 0 0 1
vn 0 0 -1
vn 0.7071067811865476 0.7071067811865476 0
vn -0.7071067811865476 0.7071067811865476 0
vn 0 0.7071067811865476 0.7071067811865476
vn 0 0.7071067811865476 -0.7071067811865476
vn 0.7071067811865476 -0.7071067811865476 0
vn -0.7071067811865476 -0.7071067811865476 0
vn 0 -0.7071067811865476 0.7071067811865476
vn 0 -0.7071067811865476 -0.7071067811865476
vn 0.7071067811865476 0 -0.7071067811865476
vn 0.7071067811865476 0 0.7071067811865476
vn -0.7071067811865476 0 -0.7071067811865476
vn -0.7071067811865476 0 0.7071067811865476
vn 0.5773502691896258 -0.5773502691896258 0.5773502691896258
vn -0.5773502691896258 -0.5773502691896258 0.5773502691896258
vn 0.5773502691896258 -0.5773502691896258 -0.5773502691896258
vn -0.5773502691896258 -0.5773502691896258 -0.5773502691896258
vn 0.5773502691896258 0.5773502691896258 0.5773502691896258
vn -0.5773502691896258 0.5773502691896258 0.5773502691896258
vn 0.5773502691896258 0.5773502691896258 -0.5773502691896258
vn -0.5773502691896258 0.5773502691896258 -0.5773502691896258
usemtl m_bcf2eaaa-b239-c27d-7aaf-8bd85964fdf7
f 24/25/7 22/26/7 21/27/7 23/28/7
f 17/29/8 18/30/8 20/31/8 19/32/8
f 9/33/9 10/34/9 12/35/9 11/36/9
f 16/37/10 14/38/10 13/39/10 15/40/10
f 29/41/11 30/42/11 32/43/11 31/44/11
f 28/45/12 26/46/12 25/47/12 27/48/12
f 10/49/13 9/50/13 22/51/13 24/52/13
f 18/53/14 11/54/14 12/55/14 20/56/14
f 30/57/15 9/58/15 11/59/15 32/60/15
f 12/61/16 10/62/16 26/63/16 28/64/16
f 21/65/17 13/66/17 14/67/17 23/68/17
f 16/69/18 15/70/18 17/71/18 19/72/18
f 15/73/19 13/74/19 29/75/19 31/76/19
f 25/77/20 14/78/20 16/79/20 27/80/20
f 23/81/21 25/82/21 26/83/21 24/84/21
f 30/85/22 29/86/22 21/87/22 22/88/22
f 28/89/23 27/90/23 19/91/23 20/92/23
f 17/93/24 31/94/24 32/95/24 18/96/24
f 13/97/25 21/98/25 29/99/25
f 15/100/26 31/101/26 17/102/26
f 14/103/27 25/104/27 23/105/27
f 16/106/28 19/107/28 27/108/28
f 9/109/29 30/110/29 22/111/29
f 11/112/30 18/113/30 32/114/30
f 10/115/31 24/116/31 26/117/31
f 12/118/32 28/119/32 20/120/32
o torus
v 0.05059516729001977 0.7336078691822391 0.7499999999999998
v 0.10251699375091698 0.7319265163021774 0.8825825214724775
v 0.17762689779516183 0.6776268977951618 0.9375
v 0.23192651630217742 0.602516993750917 0.8825825214724776
v 0.23360786918223908 0.5505951672900198 0.7499999999999998
v 0.18168604272134195 0.5522765201700816 0.6174174785275223
v 0.10657613867709712 0.6065761386770971 0.5625
v 0.052276520170081525 0.6816860427213418 0.6174174785275223
v 0.2967222167076714 0.9797349185998907 0.5490381056766579
v 0.39215356958773295 1.0215630921389933 0.6460952475901032
v 0.48528570956722633 0.9852857095672265 0.6862976320958224
v 0.5215630921389935 0.8921535695877332 0.6460952475901033
v 0.4797349185998907 0.7967222167076715 0.5490381056766579
v 0.38430356571982904 0.7548940431685687 0.4519809637632127
v 0.29117142574033583 0.7911714257403358 0.4117785792574935
v 0.25489404316856856 0.884303565719829 0.4519809637632126
v 0.43882373494380084 1.12183643683602 0.20096189432334197
v 0.5593753246142803 1.188784847165541 0.23648727388237434
v 0.6629126073623882 1.1629126073623883 0.2512023679041775
v 0.6887848471655408 1.0593753246142805 0.2364872738823744
v 0.6218364368360202 0.9388237349438009 0.20096189432334197
v 0.5012848471655408 0.8718753246142804 0.16543651476430965
v 0.397747564417433 0.8977475644174331 0.1507214207425065
v 0.37187532461428036 1.001284847165541 0.1654365147643096
v 0.43882373494380084 1.12183643683602 -0.20096189432334208
v 0.5593753246142803 1.188784847165541 -0.23648727388237445
v 0.6629126073623882 1.1629126073623883 -0.2512023679041776
v 0.6887848471655408 1.0593753246142805 -0.23648727388237448
v 0.6218364368360202 0.9388237349438009 -0.20096189432334208
v 0.5012848471655408 0.8718753246142804 -0.16543651476430968
v 0.397747564417433 0.8977475644174331 -0.15072142074250655
v 0.37187532461428036 1.001284847165541 -0.16543651476430968
v 0.2967222167076714 0.9797349185998907 -0.5490381056766579
v 0.3921535695877331 1.0215630921389935 -0.646095247590103
v 0.48528570956722633 0.9852857095672265 -0.6862976320958224
v 0.5215630921389935 0.8921535695877332 -0.6460952475901032
v 0.4797349185998907 0.7967222167076715 -0.5490381056766579
v 0.38430356571982904 0.7548940431685687 -0.4519809637632126
v 0.29117142574033583 0.7911714257403359 -0.41177857925749345
v 0.2548940431685686 0.884303565719829 -0.4519809637632125
v 0.05059516729001996 0.7336078691822393 -0.7499999999999998
v 0.10251699375091718 0.7319265163021775 -0.8825825214724774
v 0.177626897795162 0.677626897795162 -0.9374999999999999
v 0.2319265163021776 0.6025169937509173 -0.8825825214724775
v 0.2336078691822393 0.55059516729002 -0.7499999999999998
v 0.18168604272134203 0.5522765201700817 -0.6174174785275223
v 0.10657613867709723 0.6065761386770973 -0.5624999999999999
v 0.052276520170081636 0.681686042721342 -0.6174174785275222
v -0.23360786918223891 0.4494048327099804 -0.75
v -0.23192651630217714 0.3974830062490832 -0.8825825214724775
v -0.17762689779516155 0.3223731022048384 -0.9375
v -0.10251699375091677 0.26807348369782286 -0.8825825214724776
v -0.050595167290019574 0.2663921308177611 -0.75
v -0.05227652017008132 0.31831395727865824 -0.6174174785275223
v -0.10657613867709692 0.393423861322903 -0.5625
v -0.1816860427213417 0.4477234798299186 -0.6174174785275223
v -0.4797349185998907 0.20327778329232854 -0.5490381056766581
v -0.5215630921389933 0.10784643041226699 -0.6460952475901033
v -0.48528570956722633 0.014714290432773558 -0.6862976320958225
v -0.3921535695877331 -0.021563092138993545 -0.6460952475901034
v -0.2967222167076714 0.02026508140010924 -0.5490381056766581
v -0.25489404316856856 0.11569643428017096 -0.4519809637632128
v -0.29117142574033583 0.20882857425966417 -0.4117785792574935
v -0.38430356571982893 0.24510595683143138 -0.4519809637632127
v -0.6218364368360202 0.061176265056199164 -0.20096189432334188
v -0.6887848471655407 -0.05937532461428041 -0.23648727388237423
v -0.6629126073623882 -0.16291260736238833 -0.2512023679041774
v -0.5593753246142804 -0.1887848471655409 -0.23648727388237425
v -0.43882373494380084 -0.12183643683602008 -0.20096189432334188
v -0.3718753246142803 -0.0012848471655407812 -0.16543651476430957
v -0.397747564417433 0.10225243558256697 -0.1507214207425064
v -0.5012848471655407 0.1281246753857196 -0.16543651476430954
v -0.6218364368360203 0.06117626505619894 0.20096189432334166
v -0.6887848471655407 -0.05937532461428041 0.23648727388237392
v -0.6629126073623882 -0.16291260736238833 0.25120236790417705
v -0.5593753246142804 -0.1887848471655409 0.23648727388237398
v -0.43882373494380095 -0.1218364368360203 0.20096189432334166
v -0.3718753246142803 -0.0012848471655407812 0.16543651476430932
v -0.397747564417433 0.10225243558256697 0.15072142074250622
v -0.5012848471655407 0.1281246753857196 0.16543651476430932
v -0.47973491859989087 0.20327778329232837 0.5490381056766578
v -0.5215630921389935 0.10784643041226677 0.646095247590103
v -0.48528570956722644 0.014714290432773502 0.6862976320958223
v -0.3921535695877333 -0.021563092138993656 0.646095247590103
v -0.29672221670767157 0.020265081400109075 0.5490381056766578
v -0.2548940431685687 0.11569643428017085 0.4519809637632125
v -0.29117142574033583 0.2088285742596641 0.4117785792574933
v -0.38430356571982904 0.24510595683143127 0.45198096376321245
v -0.23360786918223908 0.4494048327099802 0.7499999999999998
v -0.2319265163021773 0.39748300624908306 0.8825825214724775
v -0.17762689779516178 0.32237310220483817 0.9375
v -0.102516993750917 0.26807348369782263 0.8825825214724776
v -0.05059516729001977 0.2663921308177609 0.7499999999999998
v -0.052276520170081456 0.3183139572786581 0.6174174785275223
v -0.10657613867709705 0.3934238613229029 0.5625
v -0.18168604272134184 0.44772347982991845 0.6174174785275223
vt 0.3141828125 0.5976011281029876
vt 0.3186234375 0.5803644093529876
vt 0.37038580356538814 0.6089310605887972
vt 0.358169469259514 0.6218765153812851
vt 0.2795609375 0.5308776817322145
vt 0.2814 0.5175378379822144
vt 0.3418573663557175 0.5345303908607714
vt 0.33647738425974427 0.546875
vt 0.6798375 0.43558716201778547
vt 0.6779984375 0.4222473182677855
vt 0.7349148842597442 0.40625
vt 0.7402948663557176 0.41859460913922864
vt 0.5139359375 0.6461980906470122
vt 0.5094953125 0.6289613718970122
vt 0.553481969259514 0.6046859846187146
vt 0.5656983035653882 0.6176314394112026
vt 0.5094953125 0.6289613718970122
vt 0.5050546874999999 0.6117246531470122
vt 0.5412656349536398 0.5917405298262267
vt 0.553481969259514 0.6046859846187146
vt 0.6511953125 0.6875
vt 0.65303515625 0.70083984375
vt 0.6167622094319665 0.7110394603719015
vt 0.6113800563410389 0.6986956811935199
vt 0.69991015625 0.86947265625
vt 0.6980703125 0.8828125
vt 0.658255056341039 0.8716168188064801
vt 0.6636372094319665 0.8592730396280985
vt 0.3097421875 0.6148378468529876
vt 0.3141828125 0.5976011281029876
vt 0.358169469259514 0.6218765153812851
vt 0.3459531349536398 0.6348219701737731
vt 0.358169469259514 0.6218765153812851
vt 0.37038580356538814 0.6089310605887972
vt 0.40190187063631344 0.6589523922373706
vt 0.3849512130250019 0.664383674793205
vt 0.5072726157402557 0.6796875
vt 0.5018926336442825 0.6673428908607714
vt 0.56235 0.6503503379822144
vt 0.5641890625 0.6636901817322145
vt 0.5878301336442825 0.9420321091392286
vt 0.5932101157402557 0.9296875
vt 0.6501265625 0.9456848182677855
vt 0.6482875 0.9590246620177856
vt 0.5656983035653882 0.6176314394112026
vt 0.553481969259514 0.6046859846187146
vt 0.5802637130250019 0.5621788252067947
vt 0.5972143706363136 0.5676101077626293
vt 0.553481969259514 0.6046859846187147
vt 0.5412656349536398 0.5917405298262267
vt 0.5633130554136905 0.5567475426509602
vt 0.5802637130250019 0.5621788252067947
vt 0.724557443658961 0.33932068119352
vt 0.7191752905680335 0.35166446037190147
vt 0.68290234375 0.34146484374999997
vt 0.6847421874999999 0.328125
vt 0.7816752905680335 0.6248980396280985
vt 0.787057443658961 0.6372418188064801
vt 0.7472421875 0.6484375
vt 0.74540234375 0.63509765625
vt 0.3459531349536398 0.634821970173773
vt 0.358169469259514 0.6218765153812851
vt 0.3849512130250019 0.664383674793205
vt 0.36800055541369037 0.6698149573490395
vt 0.3849512130250019 0.664383674793205
vt 0.40190187063631344 0.6589523922373706
vt 0.40532537953401 0.7179750632235519
vt 0.387860444620132 0.7145399981424749
vt 0.5641890625 0.6636901817322145
vt 0.56235 0.6503503379822144
vt 0.62515 0.6503503379822144
vt 0.6233109375 0.6636901817322145
vt 0.6482875 0.9590246620177856
vt 0.6501265625 0.9456848182677855
vt 0.7092484375 0.9456848182677855
vt 0.7110875 0.9590246620177856
vt 0.5972143706363136 0.5676101077626293
vt 0.5802637130250019 0.5621788252067947
vt 0.5831729446201321 0.5120225018575248
vt 0.6006378795340102 0.5085874367764479
vt 0.5802637130250019 0.5621788252067947
vt 0.5633130554136905 0.5567475426509602
vt 0.5657080097062542 0.5154575669386017
vt 0.5831729446201321 0.5120225018575248
vt 0.6847421874999999 0.328125
vt 0.68290234375 0.34146484374999997
vt 0.64522265625 0.34146484374999997
vt 0.6433828125 0.328125
vt 0.74540234375 0.63509765625
vt 0.7472421875 0.6484375
vt 0.7058828125 0.6484375
vt 0.70772265625 0.63509765625
vt 0.36800055541369037 0.6698149573490395
vt 0.3849512130250019 0.664383674793205
vt 0.3878604446201321 0.7145399981424749
vt 0.3703955097062541 0.7111049330613981
vt 0.387860444620132 0.7145399981424749
vt 0.40532537953401 0.7179750632235519
vt 0.37980401140626546 0.7713047535695849
vt 0.3661728799819509 0.7598585367382344
vt 0.6233109375 0.6636901817322145
vt 0.62515 0.6503503379822144
vt 0.6856073663557175 0.6673428908607714
vt 0.6802273842597443 0.6796875
vt 0.7110875 0.9590246620177856
vt 0.7092484375 0.9456848182677855
vt 0.7661648842597442 0.9296875
vt 0.7715448663557176 0.9420321091392286
vt 0.6006378795340102 0.5085874367764479
vt 0.5831729446201321 0.5120225018575248
vt 0.561485379981951 0.46670396326176533
vt 0.5751165114062655 0.45525774643041483
vt 0.5831729446201321 0.5120225018575248
vt 0.5657080097062542 0.5154575669386017
vt 0.5478542485576365 0.47815018009311583
vt 0.561485379981951 0.46670396326176533
vt 0.6433828125 0.328125
vt 0.64522265625 0.34146484374999997
vt 0.6089497094319665 0.35166446037190147
vt 0.6035675563410389 0.33932068119352
vt 0.70772265625 0.63509765625
vt 0.7058828125 0.6484375
vt 0.666067556341039 0.6372418188064801
vt 0.6714497094319665 0.6248980396280985
vt 0.3703955097062541 0.7111049330613981
vt 0.387860444620132 0.7145399981424749
vt 0.3661728799819509 0.7598585367382344
vt 0.35254174855763637 0.748412319906884
vt 0.3661728799819509 0.7598585367382344
vt 0.37980401140626546 0.7713047535695849
vt 0.33169158154596945 0.8056644712118142
vt 0.325287868360619 0.7890567597169394
vt 0.0072726157402557695 0.515625
vt 0.0018926336442824654 0.5032803908607714
vt 0.06235 0.4862878379822144
vt 0.0641890625 0.4996276817322145
vt 0.5722051336442825 0.8170321091392286
vt 0.5775851157402557 0.8046875
vt 0.6345015625 0.8206848182677855
vt 0.6326625 0.8340246620177856
vt 0.5751165114062655 0.45525774643041483
vt 0.561485379981951 0.46670396326176533
vt 0.5206003683606191 0.43750574028306044
vt 0.5270040815459696 0.4208980287881856
vt 0.561485379981951 0.46670396326176533
vt 0.5478542485576365 0.47815018009311583
vt 0.5141966551752686 0.45411345177793516
vt 0.5206003683606191 0.43750574028306044
vt 0.732369943658961 0.5658831811935199
vt 0.7269877905680335 0.5782269603719015
vt 0.69071484375 0.56802734375
vt 0.6925546874999999 0.5546875
vt 0.38323779056803353 0.31239803962809853
vt 0.3886199436589611 0.3247418188064801
vt 0.3488046875 0.3359375
vt 0.34696484375000003 0.32259765625000003
vt 0.35254174855763637 0.748412319906884
vt 0.3661728799819509 0.7598585367382344
vt 0.32528786836061896 0.7890567597169394
vt 0.3188841551752685 0.7724490482220647
vt 0.325287868360619 0.7890567597169394
vt 0.33169158154596945 0.8056644712118142
vt 0.272966189680938 0.8125
vt 0.2753841670543073 0.7948654597712586
vt 0.0641890625 0.4996276817322145
vt 0.06235 0.4862878379822144
vt 0.12514999999999998 0.4862878379822144
vt 0.1233109375 0.4996276817322145
vt 0.6326625 0.8340246620177856
vt 0.6345015625 0.8206848182677855
vt 0.6936234375 0.8206848182677855
vt 0.6954625 0.8340246620177856
vt 0.5270040815459696 0.4208980287881856
vt 0.5206003683606191 0.43750574028306044
vt 0.47069666705430735 0.43169704022874145
vt 0.468278689680938 0.4140625
vt 0.5206003683606191 0.43750574028306044
vt 0.5141966551752687 0.4541134517779353
vt 0.4731146444276767 0.4493315804574829
vt 0.47069666705430735 0.43169704022874145
vt 0.6925546874999999 0.5546875
vt 0.69071484375 0.56802734375
vt 0.65303515625 0.56802734375
vt 0.6511953125 0.5546875
vt 0.34696484375000003 0.32259765625000003
vt 0.3488046875 0.3359375
vt 0.3074453125 0.3359375
vt 0.30928515624999997 0.32259765625000003
vt 0.3188841551752685 0.7724490482220647
vt 0.325287868360619 0.7890567597169394
vt 0.2753841670543073 0.7948654597712586
vt 0.2778021444276766 0.7772309195425171
vt 0.252837131639381 0.7890567597169394
vt 0.24643341845403052 0.8056644712118142
vt 0.19832098859373454 0.7713047535695849
vt 0.21195212001804908 0.7598585367382344
vt 0.1233109375 0.4996276817322145
vt 0.12514999999999998 0.4862878379822144
vt 0.18560736635571753 0.5032803908607714
vt 0.18022738425974424 0.515625
vt 0.6954625 0.8340246620177856
vt 0.6936234375 0.8206848182677855
vt 0.7505398842597442 0.8046875
vt 0.7559198663557176 0.8170321091392286
vt 0.44174591845403044 0.4208980287881856
vt 0.44814963163938093 0.43750574028306044
vt 0.407264620018049 0.46670396326176533
vt 0.3936334885937344 0.45525774643041483
vt 0.44814963163938093 0.43750574028306044
vt 0.4545533448247313 0.45411345177793516
vt 0.42089575144236346 0.47815018009311583
vt 0.4072646200180489 0.46670396326176533
vt 0.6511953125 0.5546875
vt 0.65303515625 0.56802734375
vt 0.6167622094319665 0.5782269603719015
vt 0.6113800563410389 0.5658831811935199
vt 0.30928515624999997 0.32259765625000003
vt 0.3074453125 0.3359375
vt 0.2676300563410389 0.3247418188064801
vt 0.27301220943196647 0.31239803962809853
vt 0.2592408448247315 0.7724490482220647
vt 0.252837131639381 0.7890567597169394
vt 0.21195212001804908 0.7598585367382344
vt 0.22558325144236363 0.748412319906884
vt 0.21195212001804908 0.7598585367382344
vt 0.19832098859373454 0.7713047535695849
vt 0.17279962046599 0.7179750632235519
vt 0.19026455537986794 0.7145399981424749
vt 0.16352261574025578 0.484375
vt 0.15814263364428247 0.47203039086077136
vt 0.21860000000000002 0.4550378379822144
vt 0.2204390625 0.4683776817322145
vt 0.0018926336442824515 0.40296960913922864
vt 0.007272615740255756 0.390625
vt 0.0641890625 0.4066223182677855
vt 0.06235 0.41996216201778547
vt 0.3936334885937344 0.45525774643041483
vt 0.407264620018049 0.46670396326176533
vt 0.38557705537986786 0.5120225018575248
vt 0.3681121204659899 0.5085874367764479
vt 0.407264620018049 0.46670396326176533
vt 0.42089575144236346 0.47815018009311583
vt 0.40304199029374577 0.5154575669386017
vt 0.38557705537986786 0.5120225018575248
vt 0.732369943658961 0.5268206811935199
vt 0.7269877905680335 0.5391644603719015
vt 0.69071484375 0.52896484375
vt 0.6925546874999999 0.515625
vt 0.7816752905680335 0.5858355396280985
vt 0.787057443658961 0.5981793188064801
vt 0.7472421875 0.609375
vt 0.74540234375 0.59603515625
vt 0.2255832514423636 0.748412319906884
vt 0.21195212001804906 0.7598585367382344
vt 0.19026455537986794 0.7145399981424749
vt 0.20772949029374588 0.7111049330613981
vt 0.19026455537986797 0.7145399981424749
vt 0.17279962046599 0.7179750632235519
vt 0.17622312936368656 0.6589523922373706
vt 0.1931737869749981 0.664383674793205
vt 0.2204390625 0.4683776817322145
vt 0.21860000000000002 0.4550378379822144
vt 0.2814 0.4550378379822144
vt 0.2795609375 0.4683776817322145
vt 0.06235 0.41996216201778547
vt 0.0641890625 0.4066223182677855
vt 0.1233109375 0.4066223182677855
vt 0.12514999999999998 0.41996216201778547
vt 0.3681121204659899 0.5085874367764479
vt 0.38557705537986786 0.5120225018575248
vt 0.38848628697499804 0.5621788252067947
vt 0.3715356293636865 0.5676101077626293
vt 0.38557705537986775 0.5120225018575248
vt 0.40304199029374566 0.5154575669386017
vt 0.4054369445863096 0.5567475426509602
vt 0.38848628697499804 0.5621788252067947
vt 0.6925546874999999 0.515625
vt 0.69071484375 0.52896484375
vt 0.65303515625 0.52896484375
vt 0.6511953125 0.515625
vt 0.74540234375 0.59603515625
vt 0.7472421875 0.609375
vt 0.7058828125 0.609375
vt 0.70772265625 0.59603515625
vt 0.20772949029374577 0.7111049330613981
vt 0.19026455537986786 0.7145399981424749
vt 0.1931737869749981 0.664383674793205
vt 0.21012444458630963 0.6698149573490396
vt 0.1931737869749981 0.664383674793205
vt 0.17622312936368656 0.6589523922373706
vt 0.20773919643461186 0.6089310605887972
vt 0.21995553074048602 0.6218765153812851
vt 0.2795609375 0.4683776817322145
vt 0.2814 0.4550378379822144
vt 0.3418573663557175 0.47203039086077136
vt 0.33647738425974427 0.484375
vt 0.12514999999999998 0.41996216201778547
vt 0.1233109375 0.4066223182677855
vt 0.18022738425974422 0.390625
vt 0.18560736635571756 0.40296960913922864
vt 0.3715356293636865 0.5676101077626293
vt 0.38848628697499804 0.5621788252067947
vt 0.415268030740486 0.6046859846187146
vt 0.40305169643461186 0.6176314394112026
vt 0.38848628697499804 0.5621788252067947
vt 0.4054369445863096 0.5567475426509602
vt 0.42748436504636017 0.5917405298262267
vt 0.415268030740486 0.6046859846187147
vt 0.6511953125 0.515625
vt 0.65303515625 0.52896484375
vt 0.6167622094319665 0.5391644603719015
vt 0.6113800563410389 0.5268206811935199
vt 0.70772265625 0.59603515625
vt 0.7058828125 0.609375
vt 0.666067556341039 0.5981793188064801
vt 0.6714497094319665 0.5858355396280985
vt 0.21012444458630963 0.6698149573490396
vt 0.1931737869749981 0.664383674793205
vt 0.21995553074048604 0.6218765153812851
vt 0.2321718650463602 0.6348219701737731
vt 0.21995553074048602 0.6218765153812851
vt 0.20773919643461186 0.6089310605887972
vt 0.2595015625 0.5803644093529876
vt 0.2639421875 0.5976011281029876
vt 0.16352261574025578 0.546875
vt 0.15814263364428247 0.5345303908607714
vt 0.21860000000000002 0.5175378379822144
vt 0.2204390625 0.5308776817322145
vt 0.5565801336442825 0.41859460913922864
vt 0.5619601157402557 0.40625
vt 0.6188765625 0.4222473182677855
vt 0.6170375 0.43558716201778547
vt 0.40305169643461186 0.6176314394112026
vt 0.415268030740486 0.6046859846187146
vt 0.4592546875 0.6289613718970122
vt 0.4548140625 0.6461980906470122
vt 0.415268030740486 0.6046859846187147
vt 0.42748436504636017 0.5917405298262267
vt 0.46369531249999996 0.6117246531470122
vt 0.4592546875 0.6289613718970122
vt 0.732369943658961 0.6986956811935199
vt 0.7269877905680335 0.7110394603719015
vt 0.69071484375 0.70083984375
vt 0.6925546874999999 0.6875
vt 0.7738627905680335 0.8592730396280985
vt 0.779244943658961 0.8716168188064801
vt 0.7394296875 0.8828125
vt 0.73758984375 0.86947265625
vt 0.23217186504636017 0.6348219701737731
vt 0.21995553074048602 0.6218765153812851
vt 0.2639421875 0.5976011281029876
vt 0.26838281249999996 0.6148378468529876
vt 0.2639421875 0.5976011281029876
vt 0.2595015625 0.5803644093529876
vt 0.3186234375 0.5803644093529876
vt 0.3141828125 0.5976011281029876
vt 0.2204390625 0.5308776817322145
vt 0.21860000000000002 0.5175378379822144
vt 0.2814 0.5175378379822144
vt 0.2795609375 0.5308776817322145
vt 0.6170375 0.43558716201778547
vt 0.6188765625 0.4222473182677855
vt 0.6779984375 0.4222473182677855
vt 0.6798375 0.43558716201778547
vt 0.4548140625 0.6461980906470122
vt 0.4592546875 0.6289613718970122
vt 0.5094953125 0.6289613718970122
vt 0.5139359375 0.6461980906470122
vt 0.4592546875 0.6289613718970122
vt 0.4636953125 0.6117246531470122
vt 0.5050546874999999 0.6117246531470122
vt 0.5094953125 0.6289613718970122
vt 0.6925546874999999 0.6875
vt 0.69071484375 0.70083984375
vt 0.65303515625 0.70083984375
vt 0.6511953125 0.6875
vt 0.73758984375 0.86947265625
vt 0.7394296875 0.8828125
vt 0.6980703125 0.8828125
vt 0.69991015625 0.86947265625
vt 0.2683828125 0.6148378468529876
vt 0.2639421875 0.5976011281029876
vt 0.3141828125 0.5976011281029876
vt 0.30974218750000004 0.6148378468529876
vn -0.5826878799990894 0.7770514886206529 0.2380458328444218
vn -0.06072047119157954 0.6670195769114725 0.7425617202597457
vn 0.667019576911472 -0.06072047119157875 0.7425617202597462
vn 0.7770514886206528 -0.5826878799990894 0.23804583284442166
vn 0.5826878799990893 -0.7770514886206529 -0.23804583284442207
vn 0.06072047119157842 -0.6670195769114717 -0.7425617202597464
vn -0.6670195769114717 0.06072047119157803 -0.7425617202597464
vn -0.777051488620653 0.5826878799990891 -0.23804583284442232
vn -0.5115458616723808 0.8481935069473612 0.13743582567219587
vn 0.1612004037936876 0.8889404518967405 0.4287182090818757
vn 0.8889404518967401 0.16120040379368963 0.4287182090818763
vn 0.8481935069473614 -0.5115458616723809 0.13743582567219562
vn 0.5115458616723811 -0.8481935069473612 -0.13743582567219562
vn -0.16120040379368974 -0.8889404518967399 -0.4287182090818762
vn -0.8889404518967395 -0.16120040379369066 -0.4287182090818766
vn -0.8481935069473613 0.5115458616723809 -0.13743582567219556
vn -0.48550607568830784 0.8742332929314345 0
vn 0.2424290816683668 0.970169129771419 0
vn 0.9701691297714188 0.2424290816683678 0
vn 0.8742332929314345 -0.4855060756883077 0
vn 0.4855060756883076 -0.8742332929314347 0
vn -0.24242908166836852 -0.9701691297714186 0
vn -0.9701691297714186 -0.24242908166836868 0
vn -0.8742332929314349 0.48550607568830717 0
vn -0.5115458616723811 0.848193506947361 -0.13743582567219562
vn 0.1612004037936881 0.8889404518967403 -0.42871820908187597
vn 0.8889404518967401 0.16120040379368916 -0.428718209081876
vn 0.8481935069473611 -0.5115458616723811 -0.13743582567219545
vn 0.511545861672381 -0.8481935069473612 0.1374358256721957
vn -0.16120040379368983 -0.8889404518967399 0.42871820908187624
vn -0.8889404518967399 -0.16120040379368986 0.42871820908187647
vn -0.8481935069473614 0.5115458616723806 0.13743582567219578
vn -0.5826878799990891 0.777051488620653 -0.23804583284442216
vn -0.06072047119158008 0.6670195769114728 -0.7425617202597453
vn 0.667019576911472 -0.06072047119157831 -0.7425617202597462
vn 0.777051488620653 -0.5826878799990893 -0.23804583284442193
vn 0.5826878799990894 -0.7770514886206528 0.23804583284442185
vn 0.06072047119157847 -0.6670195769114717 0.7425617202597464
vn -0.6670195769114715 0.06072047119157736 0.7425617202597468
vn -0.777051488620653 0.5826878799990893 0.2380458328444219
vn -0.6798696843098712 0.679869684309871 -0.2748716513443914
vn -0.363870024051526 0.3638700240515262 -0.8574364181637515
vn 0.36387002405152574 -0.36387002405152535 -0.857436418163752
vn 0.6798696843098713 -0.6798696843098709 -0.2748716513443912
vn 0.679869684309871 -0.6798696843098709 0.2748716513443914
vn 0.3638700240515254 -0.3638700240515258 0.857436418163752
vn -0.36387002405152524 0.36387002405152474 0.8574364181637526
vn -0.6798696843098712 0.6798696843098708 0.2748716513443915
vn -0.7770514886206528 0.5826878799990892 -0.23804583284442216
vn -0.6670195769114722 0.06072047119157964 -0.742561720259746
vn 0.06072047119157921 -0.6670195769114717 -0.7425617202597465
vn 0.5826878799990896 -0.7770514886206528 -0.23804583284442213
vn 0.7770514886206528 -0.5826878799990896 0.2380458328444218
vn 0.6670195769114715 -0.06072047119157842 0.7425617202597466
vn -0.06072047119157843 0.6670195769114716 0.7425617202597466
vn -0.5826878799990896 0.7770514886206527 0.23804583284442202
vn -0.8481935069473615 0.5115458616723806 -0.13743582567219592
vn -0.8889404518967406 -0.1612004037936879 -0.4287182090818756
vn -0.16120040379368963 -0.8889404518967401 -0.428718209081876
vn 0.5115458616723809 -0.8481935069473612 -0.13743582567219553
vn 0.8481935069473613 -0.511545861672381 0.13743582567219553
vn 0.8889404518967401 0.16120040379368936 0.42871820908187597
vn 0.16120040379369044 0.8889404518967396 0.4287182090818764
vn -0.511545861672381 0.8481935069473612 0.13743582567219542
vn -0.8742332929314345 0.4855060756883076 0
vn -0.970169129771419 -0.24242908166836696 0
vn -0.24242908166836769 -0.9701691297714188 0
vn 0.48550607568830806 -0.8742332929314345 -1.5649877717012034e-16
vn 0.8742332929314347 -0.48550607568830734 0
vn 0.9701691297714187 0.24242908166836852 0
vn 0.24242908166836852 0.9701691297714187 0
vn -0.4855060756883073 0.8742332929314348 1.5649877717012068e-16
vn -0.8481935069473614 0.5115458616723806 0.1374358256721957
vn -0.8889404518967405 -0.1612004037936886 0.42871820908187547
vn -0.16120040379368938 -0.8889404518967401 0.42871820908187575
vn 0.5115458616723808 -0.8481935069473613 0.1374358256721956
vn 0.8481935069473613 -0.511545861672381 -0.13743582567219534
vn 0.88894045189674 0.1612004037936901 -0.428718209081876
vn 0.1612004037936899 0.8889404518967401 -0.4287182090818761
vn -0.511545861672381 0.8481935069473612 -0.1374358256721955
vn -0.7770514886206529 0.5826878799990891 0.23804583284442216
vn -0.6670195769114725 0.060720471191579306 0.7425617202597457
vn 0.06072047119157897 -0.6670195769114724 0.7425617202597458
vn 0.5826878799990892 -0.7770514886206529 0.23804583284442227
vn 0.777051488620653 -0.5826878799990893 -0.23804583284442185
vn 0.6670195769114724 -0.060720471191578806 -0.7425617202597459
vn -0.06072047119157831 0.667019576911472 -0.7425617202597462
vn -0.5826878799990896 0.7770514886206528 -0.23804583284442193
vn -0.6798696843098712 0.679869684309871 0.2748716513443911
vn -0.36387002405152613 0.3638700240515261 0.8574364181637515
vn 0.3638700240515256 -0.3638700240515255 0.857436418163752
vn 0.6798696843098712 -0.679869684309871 0.274871651344391
vn 0.679869684309871 -0.6798696843098709 -0.2748716513443914
vn 0.363870024051525 -0.36387002405152497 -0.8574364181637525
vn -0.363870024051525 0.36387002405152497 -0.8574364181637526
vn -0.679869684309871 0.6798696843098709 -0.2748716513443918
usemtl m_bcf2eaaa-b239-c27d-7aaf-8bd85964fdf7
f 33/121/33 34/122/33 42/123/33 41/124/33
f 34/125/34 35/126/34 43/127/34 42/128/34
f 35/129/35 36/130/35 44/131/35 43/132/35
f 36/133/36 37/134/36 45/135/36 44/136/36
f 37/137/37 38/138/37 46/139/37 45/140/37
f 38/141/38 39/142/38 47/143/38 46/144/38
f 39/145/39 40/146/39 48/147/39 47/148/39
f 40/149/40 33/150/40 41/151/40 48/152/40
f 41/153/41 42/154/41 50/155/41 49/156/41
f 42/157/42 43/158/42 51/159/42 50/160/42
f 43/161/43 44/162/43 52/163/43 51/164/43
f 44/165/44 45/166/44 53/167/44 52/168/44
f 45/169/45 46/170/45 54/171/45 53/172/45
f 46/173/46 47/174/46 55/175/46 54/176/46
f 47/177/47 48/178/47 56/179/47 55/180/47
f 48/181/48 41/182/48 49/183/48 56/184/48
f 49/185/49 50/186/49 58/187/49 57/188/49
f 50/189/50 51/190/50 59/191/50 58/192/50
f 51/193/51 52/194/51 60/195/51 59/196/51
f 52/197/52 53/198/52 61/199/52 60/200/52
f 53/201/53 54/202/53 62/203/53 61/204/53
f 54/205/54 55/206/54 63/207/54 62/208/54
f 55/209/55 56/210/55 64/211/55 63/212/55
f 56/213/56 49/214/56 57/215/56 64/216/56
f 57/217/57 58/218/57 66/219/57 65/220/57
f 58/221/58 59/222/58 67/223/58 66/224/58
f 59/225/59 60/226/59 68/227/59 67/228/59
f 60/229/60 61/230/60 69/231/60 68/232/60
f 61/233/61 62/234/61 70/235/61 69/236/61
f 62/237/62 63/238/62 71/239/62 70/240/62
f 63/241/63 64/242/63 72/243/63 71/244/63
f 64/245/64 57/246/64 65/247/64 72/248/64
f 65/249/65 66/250/65 74/251/65 73/252/65
f 66/253/66 67/254/66 75/255/66 74/256/66
f 67/257/67 68/258/67 76/259/67 75/260/67
f 68/261/68 69/262/68 77/263/68 76/264/68
f 69/265/69 70/266/69 78/267/69 77/268/69
f 70/269/70 71/270/70 79/271/70 78/272/70
f 71/273/71 72/274/71 80/275/71 79/276/71
f 72/277/72 65/278/72 73/279/72 80/280/72
f 73/281/73 74/282/73 82/283/73 81/284/73
f 74/285/74 75/286/74 83/287/74 82/288/74
f 75/289/75 76/290/75 84/291/75 83/292/75
f 76/293/76 77/294/76 85/295/76 84/296/76
f 77/297/77 78/298/77 86/299/77 85/300/77
f 78/301/78 79/302/78 87/303/78 86/304/78
f 79/305/79 80/306/79 88/307/79 87/308/79
f 80/309/80 73/310/80 81/311/80 88/312/80
f 81/313/81 82/314/81 90/315/81 89/316/81
f 82/317/82 83/318/82 91/319/82 90/320/82
f 83/321/83 84/322/83 92/323/83 91/324/83
f 84/325/84 85/326/84 93/327/84 92/328/84
f 85/329/85 86/330/85 94/331/85 93/332/85
f 86/333/86 87/334/86 95/335/86 94/336/86
f 87/337/87 88/338/87 96/339/87 95/340/87
f 88/341/88 81/342/88 89/343/88 96/344/88
f 89/345/89 90/346/89 98/347/89 97/348/89
f 90/349/90 91/350/90 99/351/90 98/352/90
f 91/353/91 92/354/91 100/355/91 99/356/91
f 92/357/92 93/358/92 101/359/92 100/360/92
f 93/361/93 94/362/93 102/363/93 101/364/93
f 94/365/94 95/366/94 103/367/94 102/368/94
f 95/369/95 96/370/95 104/371/95 103/372/95
f 96/373/96 89/374/96 97/375/96 104/376/96
f 97/377/97 98/378/97 106/379/97 105/380/97
f 98/381/98 99/382/98 107/383/98 106/384/98
f 99/385/99 100/386/99 108/387/99 107/388/99
f 100/389/100 101/390/100 109/391/100 108/392/100
f 101/393/101 102/394/101 110/395/101 109/396/101
f 102/397/102 103/398/102 111/399/102 110/400/102
f 103/401/103 104/402/103 112/403/103 111/404/103
f 104/405/104 97/406/104 105/407/104 112/408/104
f 105/409/105 106/410/105 114/411/105 113/412/105
f 106/413/106 107/414/106 115/415/106 114/416/106
f 107/417/107 108/418/107 116/419/107 115/420/107
f 108/421/108 109/422/108 117/423/108 116/424/108
f 109/425/109 110/426/109 118/427/109 117/428/109
f 110/429/110 111/430/110 119/431/110 118/432/110
f 111/433/111 112/434/111 120/435/111 119/436/111
f 112/437/112 105/438/112 113/439/112 120/440/112
f 113/441/113 114/442/113 122/443/113 121/444/113
f 114/445/114 115/446/114 123/447/114 122/448/114
f 115/449/115 116/450/115 124/451/115 123/452/115
f 116/453/116 117/454/116 125/455/116 124/456/116
f 117/457/117 118/458/117 126/459/117 125/460/117
f 118/461/118 119/462/118 127/463/118 126/464/118
f 119/465/119 120/466/119 128/467/119 127/468/119
f 120/469/120 113/470/120 121/471/120 128/472/120
f 121/473/121 122/474/121 34/475/121 33/476/121
f 122/477/122 123/478/122 35/479/122 34/480/122
f 123/481/123 124/482/123 36/483/123 35/484/123
f 124/485/124 125/486/124 37/487/124 36/488/124
f 125/489/125 126/490/125 38/491/125 37/492/125
f 126/493/126 127/494/126 39/495/126 38/496/126
f 127/497/127 128/498/127 40/499/127 39/500/127
f 128/501/128 121/502/128 33/503/128 40/504/128
o torus
v -0.05059516729001977 0.7336078691822391 0.7499999999999998
v -0.10251699375091698 0.7319265163021774 0.8825825214724775
v -0.17762689779516183 0.6776268977951618 0.9375
v -0.23192651630217742 0.602516993750917 0.8825825214724776
v -0.23360786918223908 0.5505951672900198 0.7499999999999998
v -0.18168604272134195 0.5522765201700816 0.6174174785275223
v -0.10657613867709712 0.6065761386770971 0.5625
v -0.052276520170081525 0.6816860427213418 0.6174174785275223
v -0.2967222167076714 0.9797349185998907 0.5490381056766579
v -0.39215356958773295 1.0215630921389933 0.6460952475901032
v -0.48528570956722633 0.9852857095672265 0.6862976320958224
v -0.5215630921389935 0.8921535695877332 0.6460952475901033
v -0.4797349185998907 0.7967222167076715 0.5490381056766579
v -0.38430356571982904 0.7548940431685687 0.4519809637632127
v -0.29117142574033583 0.7911714257403358 0.4117785792574935
v -0.25489404316856856 0.884303565719829 0.4519809637632126
v -0.43882373494380084 1.12183643683602 0.20096189432334197
v -0.5593753246142803 1.188784847165541 0.23648727388237434
v -0.6629126073623882 1.1629126073623883 0.2512023679041775
v -0.6887848471655408 1.0593753246142805 0.2364872738823744
v -0.6218364368360202 0.9388237349438009 0.20096189432334197
v -0.5012848471655408 0.8718753246142804 0.16543651476430965
v -0.397747564417433 0.8977475644174331 0.1507214207425065
v -0.37187532461428036 1.001284847165541 0.1654365147643096
v -0.43882373494380084 1.12183643683602 -0.20096189432334208
v -0.5593753246142803 1.188784847165541 -0.23648727388237445
v -0.6629126073623882 1.1629126073623883 -0.2512023679041776
v -0.6887848471655408 1.0593753246142805 -0.23648727388237448
v -0.6218364368360202 0.9388237349438009 -0.20096189432334208
v -0.5012848471655408 0.8718753246142804 -0.16543651476430968
v -0.397747564417433 0.8977475644174331 -0.15072142074250655
v -0.37187532461428036 1.001284847165541 -0.16543651476430968
v -0.2967222167076714 0.9797349185998907 -0.5490381056766579
v -0.3921535695877331 1.0215630921389935 -0.646095247590103
v -0.48528570956722633 0.9852857095672265 -0.6862976320958224
v -0.5215630921389935 0.8921535695877332 -0.6460952475901032
v -0.4797349185998907 0.7967222167076715 -0.5490381056766579
v -0.38430356571982904 0.7548940431685687 -0.4519809637632126
v -0.29117142574033583 0.7911714257403359 -0.41177857925749345
v -0.2548940431685686 0.884303565719829 -0.4519809637632125
v -0.05059516729001996 0.7336078691822393 -0.7499999999999998
v -0.10251699375091718 0.7319265163021775 -0.8825825214724774
v -0.177626897795162 0.677626897795162 -0.9374999999999999
v -0.2319265163021776 0.6025169937509173 -0.8825825214724775
v -0.2336078691822393 0.55059516729002 -0.7499999999999998
v -0.18168604272134203 0.5522765201700817 -0.6174174785275223
v -0.10657613867709723 0.6065761386770973 -0.5624999999999999
v -0.052276520170081636 0.681686042721342 -0.6174174785275222
v 0.23360786918223891 0.4494048327099804 -0.75
v 0.23192651630217714 0.3974830062490832 -0.8825825214724775
v 0.17762689779516155 0.3223731022048384 -0.9375
v 0.10251699375091677 0.26807348369782286 -0.8825825214724776
v 0.050595167290019574 0.2663921308177611 -0.75
v 0.05227652017008132 0.31831395727865824 -0.6174174785275223
v 0.10657613867709692 0.393423861322903 -0.5625
v 0.1816860427213417 0.4477234798299186 -0.6174174785275223
v 0.4797349185998907 0.20327778329232854 -0.5490381056766581
v 0.5215630921389933 0.10784643041226699 -0.6460952475901033
v 0.48528570956722633 0.014714290432773558 -0.6862976320958225
v 0.3921535695877331 -0.021563092138993545 -0.6460952475901034
v 0.2967222167076714 0.02026508140010924 -0.5490381056766581
v 0.25489404316856856 0.11569643428017096 -0.4519809637632128
v 0.29117142574033583 0.20882857425966417 -0.4117785792574935
v 0.38430356571982893 0.24510595683143138 -0.4519809637632127
v 0.6218364368360202 0.061176265056199164 -0.20096189432334188
v 0.6887848471655407 -0.05937532461428041 -0.23648727388237423
v 0.6629126073623882 -0.16291260736238833 -0.2512023679041774
v 0.5593753246142804 -0.1887848471655409 -0.23648727388237425
v 0.43882373494380084 -0.12183643683602008 -0.20096189432334188
v 0.3718753246142803 -0.0012848471655407812 -0.16543651476430957
v 0.397747564417433 0.10225243558256697 -0.1507214207425064
v 0.5012848471655407 0.1281246753857196 -0.16543651476430954
v 0.6218364368360203 0.06117626505619894 0.20096189432334166
v 0.6887848471655407 -0.05937532461428041 0.23648727388237392
v 0.6629126073623882 -0.16291260736238833 0.25120236790417705
v 0.5593753246142804 -0.1887848471655409 0.23648727388237398
v 0.43882373494380095 -0.1218364368360203 0.20096189432334166
v 0.3718753246142803 -0.0012848471655407812 0.16543651476430932
v 0.397747564417433 0.10225243558256697 0.15072142074250622
v 0.5012848471655407 0.1281246753857196 0.16543651476430932
v 0.47973491859989087 0.20327778329232837 0.5490381056766578
v 0.5215630921389935 0.10784643041226677 0.646095247590103
v 0.48528570956722644 0.014714290432773502 0.6862976320958223
v 0.3921535695877333 -0.021563092138993656 0.646095247590103
v 0.29672221670767157 0.020265081400109075 0.5490381056766578
v 0.2548940431685687 0.11569643428017085 0.4519809637632125
v 0.29117142574033583 0.2088285742596641 0.4117785792574933
v 0.38430356571982904 0.24510595683143127 0.45198096376321245
v 0.23360786918223908 0.4494048327099802 0.7499999999999998
v 0.2319265163021773 0.39748300624908306 0.8825825214724775
v 0.17762689779516178 0.32237310220483817 0.9375
v 0.102516993750917 0.26807348369782263 0.8825825214724776
v 0.05059516729001977 0.2663921308177609 0.7499999999999998
v 0.052276520170081456 0.3183139572786581 0.6174174785275223
v 0.10657613867709705 0.3934238613229029 0.5625
v 0.18168604272134184 0.44772347982991845 0.6174174785275223
vt 0.03586419643461186 0.7964310605887972
vt 0.0876265625 0.7678644093529876
vt 0.09206718750000001 0.7851011281029876
vt 0.04808053074048603 0.8093765153812851
vt 0.0018926336442824654 0.6048428908607714
vt 0.06235 0.5878503379822144
vt 0.0641890625 0.6011901817322145
vt 0.0072726157402557695 0.6171875
vt 0.007272615740255756 0.4296875
vt 0.0641890625 0.4456848182677855
vt 0.06235 0.45902466201778547
vt 0.0018926336442824515 0.44203210913922864
vt 0.391830530740486 0.9562484846187146
vt 0.4358171875 0.9805238718970122
vt 0.4313765625 0.9977605906470122
vt 0.37961419643461186 0.9691939394112026
vt 0.40404686504636017 0.9433030298262267
vt 0.4402578125 0.9632871531470121
vt 0.4358171875 0.9805238718970121
vt 0.391830530740486 0.9562484846187146
vt 0.7191752905680335 0.7501019603719015
vt 0.68290234375 0.73990234375
vt 0.6847421874999999 0.7265625
vt 0.724557443658961 0.7377581811935199
vt 0.12299494365896108 0.3403668188064801
vt 0.0831796875 0.3515625
vt 0.08133984375 0.33822265625000003
vt 0.1176127905680335 0.32802303962809853
vt 0.048080530740486016 0.8093765153812851
vt 0.0920671875 0.7851011281029876
vt 0.0965078125 0.8023378468529876
vt 0.060296865046360185 0.8223219701737731
vt 0.004348129363686573 0.8464523922373706
vt 0.03586419643461186 0.7964310605887972
vt 0.04808053074048603 0.8093765153812851
vt 0.02129878697499811 0.851883674793205
vt 0.5392125 0.6894128379822144
vt 0.5996698663557175 0.7064053908607714
vt 0.5942898842597443 0.71875
vt 0.5373734375 0.7027526817322145
vt 0.6858109375 0.9847473182677855
vt 0.7427273842597442 0.96875
vt 0.7481073663557176 0.9810946091392286
vt 0.68765 0.9980871620177855
vt 0.36504878697499804 0.9137413252067947
vt 0.391830530740486 0.9562484846187146
vt 0.37961419643461186 0.9691939394112026
vt 0.3480981293636865 0.9191726077626293
vt 0.3819994445863096 0.9083100426509602
vt 0.40404686504636017 0.9433030298262267
vt 0.391830530740486 0.9562484846187146
vt 0.36504878697499804 0.9137413252067947
vt 0.64522265625 0.38052734374999997
vt 0.6089497094319665 0.39072696037190147
vt 0.6035675563410389 0.37838318119352
vt 0.6433828125 0.3671875
vt 0.6980703125 0.921875
vt 0.658255056341039 0.9106793188064801
vt 0.6636372094319665 0.8983355396280985
vt 0.69991015625 0.90853515625
vt 0.021298786974998082 0.851883674793205
vt 0.048080530740486016 0.8093765153812851
vt 0.06029686504636018 0.8223219701737731
vt 0.03824944458630963 0.8573149573490396
vt 0.0009246204659900253 0.9054750632235519
vt 0.004348129363686559 0.8464523922373706
vt 0.021298786974998096 0.851883674793205
vt 0.01838955537986796 0.9020399981424749
vt 0.4764125 0.6894128379822144
vt 0.5392125 0.6894128379822144
vt 0.5373734375 0.7027526817322145
vt 0.4782515625 0.7027526817322145
vt 0.6266890625 0.9847473182677855
vt 0.6858109375 0.9847473182677855
vt 0.68765 0.9980871620177855
vt 0.62485 0.9980871620177855
vt 0.36213955537986786 0.8635850018575248
vt 0.36504878697499804 0.9137413252067947
vt 0.3480981293636865 0.9191726077626293
vt 0.3446746204659899 0.8601499367764479
vt 0.3796044902937457 0.8670200669386017
vt 0.3819994445863096 0.9083100426509602
vt 0.36504878697499804 0.9137413252067947
vt 0.36213955537986775 0.8635850018575248
vt 0.68290234375 0.38052734374999997
vt 0.64522265625 0.38052734374999997
vt 0.6433828125 0.3671875
vt 0.6847421874999999 0.3671875
vt 0.7394296875 0.921875
vt 0.6980703125 0.921875
vt 0.69991015625 0.90853515625
vt 0.73758984375 0.90853515625
vt 0.018389555379867903 0.902039998142475
vt 0.021298786974998096 0.851883674793205
vt 0.03824944458630963 0.8573149573490396
vt 0.03585449029374585 0.8986049330613981
vt 0.026445988593734537 0.9588047535695849
vt 0.0009246204659900115 0.9054750632235519
vt 0.018389555379867945 0.9020399981424749
vt 0.04007712001804907 0.9473585367382344
vt 0.4159551336442825 0.7064053908607714
vt 0.4764125 0.6894128379822144
vt 0.4782515625 0.7027526817322145
vt 0.4213351157402558 0.71875
vt 0.5697726157402557 0.96875
vt 0.6266890625 0.9847473182677855
vt 0.62485 0.9980871620177855
vt 0.5643926336442825 0.9810946091392286
vt 0.383827120018049 0.8182664632617653
vt 0.36213955537986786 0.8635850018575248
vt 0.3446746204659899 0.8601499367764479
vt 0.3701959885937344 0.8068202464304148
vt 0.39745825144236335 0.8297126800931157
vt 0.3796044902937457 0.8670200669386017
vt 0.36213955537986775 0.8635850018575248
vt 0.38382712001804875 0.8182664632617653
vt 0.7191752905680335 0.39072696037190147
vt 0.68290234375 0.38052734374999997
vt 0.6847421874999999 0.3671875
vt 0.724557443658961 0.37838318119352
vt 0.779244943658961 0.9106793188064801
vt 0.7394296875 0.921875
vt 0.73758984375 0.90853515625
vt 0.7738627905680335 0.8983355396280985
vt 0.040077120018049014 0.9473585367382344
vt 0.018389555379867917 0.902039998142475
vt 0.03585449029374585 0.8986049330613981
vt 0.05370825144236355 0.935912319906884
vt 0.07455841845403052 0.9931644712118142
vt 0.026445988593734537 0.9588047535695849
vt 0.040077120018049084 0.9473585367382344
vt 0.080962131639381 0.9765567597169394
vt 0.5314 0.7284753379822144
vt 0.5918573663557175 0.7454678908607714
vt 0.5864773842597443 0.7578125
vt 0.5295609375 0.7418151817322145
vt 0.6623734375 0.7816223182677855
vt 0.7192898842597442 0.765625
vt 0.7246698663557176 0.7779696091392286
vt 0.6642125 0.7949621620177856
vt 0.42471213163938093 0.7890682402830604
vt 0.383827120018049 0.8182664632617653
vt 0.3701959885937344 0.8068202464304148
vt 0.41830841845403044 0.7724605287881856
vt 0.43111584482473114 0.8056759517779348
vt 0.39745825144236335 0.8297126800931157
vt 0.38382712001804875 0.8182664632617653
vt 0.4247121316393806 0.7890682402830602
vt 0.64522265625 0.46646484374999997
vt 0.6089497094319665 0.47666446037190147
vt 0.6035675563410389 0.46432068119352
vt 0.6433828125 0.453125
vt 0.1746328125 0.3515625
vt 0.13481755634103892 0.3403668188064801
vt 0.1401997094319665 0.32802303962809853
vt 0.17647265625 0.33822265625000003
vt 0.08096213163938094 0.9765567597169394
vt 0.040077120018049014 0.9473585367382344
vt 0.05370825144236355 0.935912319906884
vt 0.0873658448247314 0.9599490482220647
vt 0.133283810319062 1
vt 0.07455841845403052 0.9931644712118142
vt 0.08096213163938099 0.9765567597169394
vt 0.1308658329456927 0.9823654597712586
vt 0.4686 0.7284753379822144
vt 0.5314 0.7284753379822144
vt 0.5295609375 0.7418151817322145
vt 0.4704390625 0.7418151817322145
vt 0.6032515625 0.7816223182677855
vt 0.6623734375 0.7816223182677855
vt 0.6642125 0.7949621620177856
vt 0.6014125 0.7949621620177856
vt 0.47461583294569265 0.7832595402287414
vt 0.42471213163938093 0.7890682402830604
vt 0.41830841845403044 0.7724605287881856
vt 0.477033810319062 0.765625
vt 0.4721978555723231 0.8008940804574824
vt 0.43111584482473114 0.8056759517779348
vt 0.4247121316393806 0.7890682402830602
vt 0.4746158329456923 0.783259540228741
vt 0.68290234375 0.46646484374999997
vt 0.64522265625 0.46646484374999997
vt 0.6433828125 0.453125
vt 0.6847421874999999 0.453125
vt 0.2159921875 0.3515625
vt 0.1746328125 0.3515625
vt 0.17647265625 0.33822265625000003
vt 0.21415234375 0.33822265625000003
vt 0.13086583294569265 0.9823654597712586
vt 0.08096213163938094 0.9765567597169394
vt 0.08736584482473142 0.9599490482220647
vt 0.12844785557232336 0.9647309195425171
vt 0.20792901140626546 0.9588047535695849
vt 0.15981658154596948 0.9931644712118142
vt 0.15341286836061901 0.9765567597169394
vt 0.19429787998195092 0.9473585367382344
vt 0.4081426336442825 0.7454678908607714
vt 0.4686 0.7284753379822144
vt 0.4704390625 0.7418151817322145
vt 0.4135226157402558 0.7578125
vt 0.5463351157402557 0.765625
vt 0.6032515625 0.7816223182677855
vt 0.6014125 0.7949621620177856
vt 0.5409551336442825 0.7779696091392286
vt 0.538047879981951 0.8182664632617653
vt 0.49716286836061907 0.7890682402830604
vt 0.5035665815459696 0.7724605287881856
vt 0.5516790114062655 0.8068202464304148
vt 0.5244167485576365 0.8297126800931157
vt 0.4907591551752688 0.8056759517779348
vt 0.4971628683606193 0.7890682402830602
vt 0.5380478799819511 0.8182664632617653
vt 0.7191752905680335 0.47666446037190147
vt 0.68290234375 0.46646484374999997
vt 0.6847421874999999 0.453125
vt 0.724557443658961 0.46432068119352
vt 0.2558074436589611 0.3403668188064801
vt 0.2159921875 0.3515625
vt 0.21415234375 0.33822265625000003
vt 0.25042529056803353 0.32802303962809853
vt 0.19429787998195103 0.9473585367382344
vt 0.15341286836061913 0.9765567597169396
vt 0.14700915517526866 0.9599490482220647
vt 0.18066674855763648 0.935912319906884
vt 0.23345037953401 0.9054750632235519
vt 0.20792901140626546 0.9588047535695849
vt 0.19429787998195092 0.9473585367382344
vt 0.21598544462013206 0.9020399981424749
vt 0.12514999999999998 0.5487878379822144
vt 0.18560736635571753 0.5657803908607714
vt 0.18022738425974424 0.578125
vt 0.1233109375 0.5621276817322145
vt 0.3186234375 0.4300598182677855
vt 0.3755398842597442 0.4140625
vt 0.38091986635571756 0.42640710913922864
vt 0.3204625 0.44339966201778547
vt 0.5597354446201321 0.8635850018575248
vt 0.538047879981951 0.8182664632617653
vt 0.5516790114062655 0.8068202464304148
vt 0.5772003795340102 0.8601499367764479
vt 0.5422705097062543 0.8670200669386017
vt 0.5244167485576365 0.8297126800931157
vt 0.5380478799819511 0.8182664632617653
vt 0.5597354446201321 0.8635850018575247
vt 0.12178515625 0.37271484374999997
vt 0.0855122094319665 0.38291446037190147
vt 0.08013005634103892 0.37057068119352
vt 0.11994531250000001 0.359375
vt 0.6902578125 0.5078125
vt 0.650442556341039 0.4966168188064801
vt 0.6558247094319665 0.48427303962809853
vt 0.69209765625 0.49447265625000003
vt 0.2159854446201321 0.9020399981424749
vt 0.19429787998195103 0.9473585367382344
vt 0.18066674855763648 0.935912319906884
vt 0.19852050970625418 0.8986049330613981
vt 0.23002687063631344 0.8464523922373706
vt 0.23345037953401 0.9054750632235519
vt 0.21598544462013203 0.9020399981424749
vt 0.2130762130250019 0.851883674793205
vt 0.06235 0.5487878379822144
vt 0.12514999999999998 0.5487878379822144
vt 0.1233109375 0.5621276817322145
vt 0.0641890625 0.5621276817322145
vt 0.2595015625 0.4300598182677855
vt 0.3186234375 0.4300598182677855
vt 0.3204625 0.44339966201778547
vt 0.2576625 0.44339966201778547
vt 0.5568262130250019 0.9137413252067947
vt 0.5597354446201321 0.8635850018575248
vt 0.5772003795340102 0.8601499367764479
vt 0.5737768706363136 0.9191726077626293
vt 0.5398755554136905 0.9083100426509602
vt 0.5422705097062543 0.8670200669386017
vt 0.5597354446201321 0.8635850018575247
vt 0.5568262130250019 0.9137413252067947
vt 0.15946484375 0.37271484374999997
vt 0.12178515625 0.37271484374999997
vt 0.11994531250000001 0.359375
vt 0.1613046875 0.359375
vt 0.7316171875 0.5078125
vt 0.6902578125 0.5078125
vt 0.69209765625 0.49447265625000003
vt 0.72977734375 0.49447265625000003
vt 0.2130762130250019 0.851883674793205
vt 0.21598544462013214 0.9020399981424749
vt 0.19852050970625418 0.8986049330613981
vt 0.19612555541369037 0.8573149573490396
vt 0.19851080356538814 0.7964310605887972
vt 0.23002687063631344 0.8464523922373706
vt 0.2130762130250019 0.851883674793205
vt 0.18629446925951398 0.8093765153812851
vt 0.0018926336442824654 0.5657803908607714
vt 0.06235 0.5487878379822144
vt 0.0641890625 0.5621276817322145
vt 0.0072726157402557695 0.578125
vt 0.20258511574025576 0.4140625
vt 0.2595015625 0.4300598182677855
vt 0.2576625 0.44339966201778547
vt 0.19720513364428244 0.42640710913922864
vt 0.530044469259514 0.9562484846187146
vt 0.5568262130250019 0.9137413252067947
vt 0.5737768706363136 0.9191726077626293
vt 0.5422608035653882 0.9691939394112026
vt 0.5178281349536398 0.9433030298262267
vt 0.5398755554136905 0.9083100426509602
vt 0.556826213025002 0.9137413252067947
vt 0.530044469259514 0.9562484846187146
vt 0.1957377905680335 0.38291446037190147
vt 0.15946484375 0.37271484374999997
vt 0.1613046875 0.359375
vt 0.20111994365896108 0.37057068119352
vt 0.771432443658961 0.4966168188064801
vt 0.7316171875 0.5078125
vt 0.72977734375 0.49447265625000003
vt 0.7660502905680335 0.48427303962809853
vt 0.18629446925951398 0.8093765153812851
vt 0.2130762130250019 0.851883674793205
vt 0.19612555541369037 0.8573149573490396
vt 0.17407813495363983 0.8223219701737731
vt 0.1467484375 0.7678644093529876
vt 0.19851080356538814 0.7964310605887972
vt 0.18629446925951398 0.8093765153812851
vt 0.1423078125 0.7851011281029876
vt 0.12514999999999998 0.5878503379822144
vt 0.18560736635571753 0.6048428908607714
vt 0.18022738425974424 0.6171875
vt 0.1233109375 0.6011901817322145
vt 0.1233109375 0.4456848182677855
vt 0.18022738425974422 0.4296875
vt 0.18560736635571756 0.44203210913922864
vt 0.12514999999999998 0.45902466201778547
vt 0.4860578125 0.9805238718970122
vt 0.530044469259514 0.9562484846187146
vt 0.5422608035653882 0.9691939394112026
vt 0.4904984375 0.9977605906470122
vt 0.4816171875 0.9632871531470121
vt 0.5178281349536398 0.9433030298262267
vt 0.530044469259514 0.9562484846187146
vt 0.4860578125 0.9805238718970121
vt 0.64522265625 0.73990234375
vt 0.6089497094319665 0.7501019603719015
vt 0.6035675563410389 0.7377581811935199
vt 0.6433828125 0.7265625
vt 0.0418203125 0.3515625
vt 0.0020050563410389244 0.3403668188064801
vt 0.007387209431966496 0.32802303962809853
vt 0.04366015625 0.33822265625000003
vt 0.1423078125 0.7851011281029876
vt 0.18629446925951398 0.8093765153812851
vt 0.1740781349536398 0.8223219701737731
vt 0.1378671875 0.8023378468529876
vt 0.0876265625 0.7678644093529876
vt 0.1467484375 0.7678644093529876
vt 0.1423078125 0.7851011281029876
vt 0.09206718750000001 0.7851011281029876
vt 0.06235 0.5878503379822144
vt 0.12514999999999998 0.5878503379822144
vt 0.1233109375 0.6011901817322145
vt 0.0641890625 0.6011901817322145
vt 0.0641890625 0.4456848182677855
vt 0.1233109375 0.4456848182677855
vt 0.12514999999999998 0.45902466201778547
vt 0.06235 0.45902466201778547
vt 0.4358171875 0.9805238718970122
vt 0.4860578125 0.9805238718970122
vt 0.4904984375 0.9977605906470122
vt 0.4313765625 0.9977605906470122
vt 0.4402578125 0.9632871531470121
vt 0.4816171875 0.9632871531470121
vt 0.4860578125 0.9805238718970121
vt 0.4358171875 0.9805238718970121
vt 0.68290234375 0.73990234375
vt 0.64522265625 0.73990234375
vt 0.6433828125 0.7265625
vt 0.6847421874999999 0.7265625
vt 0.0831796875 0.3515625
vt 0.0418203125 0.3515625
vt 0.04366015625 0.33822265625000003
vt 0.08133984375 0.33822265625000003
vt 0.0920671875 0.7851011281029876
vt 0.1423078125 0.7851011281029876
vt 0.1378671875 0.8023378468529876
vt 0.09650781249999998 0.8023378468529876
vn 0.5826878799990894 0.7770514886206529 0.23804583284442185
vn 0.06072047119157954 0.6670195769114725 0.7425617202597457
vn -0.6670195769114722 -0.060720471191578806 0.7425617202597461
vn -0.7770514886206528 -0.5826878799990894 0.2380458328444217
vn -0.5826878799990893 -0.7770514886206527 -0.23804583284442205
vn -0.06072047119157842 -0.6670195769114717 -0.7425617202597464
vn 0.6670195769114717 0.06072047119157803 -0.7425617202597464
vn 0.777051488620653 0.5826878799990891 -0.2380458328444223
vn 0.5115458616723808 0.8481935069473612 0.13743582567219587
vn -0.1612004037936876 0.8889404518967405 0.4287182090818757
vn -0.8889404518967399 0.16120040379368966 0.42871820908187613
vn -0.8481935069473613 -0.5115458616723809 0.13743582567219556
vn -0.5115458616723811 -0.8481935069473612 -0.13743582567219564
vn 0.16120040379368952 -0.8889404518967401 -0.42871820908187624
vn 0.8889404518967395 -0.16120040379369066 -0.42871820908187663
vn 0.8481935069473613 0.5115458616723809 -0.13743582567219556
vn 0.48550607568830784 0.8742332929314345 0
vn -0.2424290816683668 0.970169129771419 0
vn -0.9701691297714188 0.2424290816683678 0
vn -0.8742332929314345 -0.4855060756883077 0
vn -0.4855060756883076 -0.8742332929314347 0
vn 0.2424290816683684 -0.9701691297714186 0
vn 0.9701691297714186 -0.24242908166836868 0
vn 0.8742332929314349 0.48550607568830717 0
vn 0.5115458616723811 0.848193506947361 -0.13743582567219564
vn -0.16120040379368805 0.8889404518967403 -0.42871820908187597
vn -0.8889404518967401 0.161200403793689 -0.4287182090818759
vn -0.8481935069473611 -0.5115458616723811 -0.13743582567219548
vn -0.511545861672381 -0.8481935069473613 0.13743582567219567
vn 0.16120040379368972 -0.8889404518967399 0.42871820908187624
vn 0.8889404518967399 -0.16120040379368986 0.42871820908187647
vn 0.8481935069473614 0.5115458616723806 0.13743582567219578
vn 0.5826878799990892 0.777051488620653 -0.23804583284442213
vn 0.06072047119158008 0.6670195769114728 -0.7425617202597453
vn -0.6670195769114721 -0.06072047119157842 -0.7425617202597462
vn -0.777051488620653 -0.5826878799990893 -0.2380458328444219
vn -0.5826878799990894 -0.7770514886206528 0.23804583284442185
vn -0.06072047119157842 -0.6670195769114717 0.7425617202597464
vn 0.6670195769114715 0.06072047119157725 0.7425617202597468
vn 0.777051488620653 0.5826878799990893 0.23804583284442196
vn 0.6798696843098712 0.679869684309871 -0.2748716513443913
vn 0.3638700240515261 0.36387002405152624 -0.8574364181637516
vn -0.3638700240515257 -0.3638700240515253 -0.857436418163752
vn -0.6798696843098713 -0.6798696843098709 -0.2748716513443912
vn -0.679869684309871 -0.6798696843098709 0.2748716513443914
vn -0.3638700240515254 -0.3638700240515258 0.857436418163752
vn 0.36387002405152524 0.36387002405152474 0.8574364181637526
vn 0.6798696843098712 0.6798696843098708 0.2748716513443915
vn 0.7770514886206528 0.5826878799990892 -0.23804583284442218
vn 0.6670195769114722 0.060720471191579486 -0.7425617202597461
vn -0.06072047119157921 -0.6670195769114717 -0.7425617202597465
vn -0.5826878799990894 -0.7770514886206525 -0.238045832844422
vn -0.7770514886206528 -0.5826878799990894 0.23804583284442188
vn -0.6670195769114715 -0.06072047119157842 0.7425617202597466
vn 0.06072047119157843 0.6670195769114716 0.7425617202597466
vn 0.5826878799990894 0.7770514886206525 0.23804583284442205
vn 0.8481935069473615 0.5115458616723806 -0.13743582567219592
vn 0.8889404518967405 -0.161200403793688 -0.4287182090818756
vn 0.16120040379368972 -0.8889404518967401 -0.42871820908187597
vn -0.5115458616723809 -0.8481935069473614 -0.13743582567219556
vn -0.8481935069473613 -0.511545861672381 0.1374358256721955
vn -0.8889404518967401 0.16120040379368963 0.428718209081876
vn -0.16120040379369044 0.8889404518967396 0.42871820908187647
vn 0.5115458616723811 0.8481935069473612 0.13743582567219542
vn 0.8742332929314345 0.4855060756883076 0
vn 0.970169129771419 -0.2424290816683669 0
vn 0.24242908166836769 -0.9701691297714188 0
vn -0.48550607568830806 -0.8742332929314344 -1.5185408018112803e-16
vn -0.8742332929314347 -0.4855060756883074 0
vn -0.9701691297714187 0.24242908166836863 0
vn -0.2424290816683684 0.9701691297714186 0
vn 0.4855060756883073 0.8742332929314348 1.5185408018112845e-16
vn 0.8481935069473614 0.5115458616723806 0.13743582567219567
vn 0.8889404518967405 -0.1612004037936885 0.4287182090818755
vn 0.16120040379368944 -0.8889404518967401 0.4287182090818758
vn -0.5115458616723808 -0.8481935069473613 0.1374358256721956
vn -0.8481935069473611 -0.511545861672381 -0.13743582567219534
vn -0.88894045189674 0.1612004037936901 -0.428718209081876
vn -0.1612004037936899 0.8889404518967401 -0.4287182090818761
vn 0.511545861672381 0.8481935069473612 -0.13743582567219553
vn 0.7770514886206529 0.5826878799990891 0.2380458328444221
vn 0.6670195769114726 0.06072047119157947 0.7425617202597455
vn -0.06072047119157903 -0.6670195769114724 0.7425617202597458
vn -0.5826878799990893 -0.7770514886206528 0.23804583284442224
vn -0.7770514886206529 -0.5826878799990894 -0.23804583284442177
vn -0.6670195769114724 -0.060720471191578765 -0.742561720259746
vn 0.060720471191578085 0.667019576911472 -0.7425617202597463
vn 0.5826878799990896 0.7770514886206528 -0.23804583284442193
vn 0.6798696843098712 0.679869684309871 0.2748716513443911
vn 0.3638700240515261 0.363870024051526 0.8574364181637515
vn -0.3638700240515256 -0.3638700240515255 0.857436418163752
vn -0.6798696843098712 -0.679869684309871 0.27487165134439095
vn -0.679869684309871 -0.6798696843098709 -0.2748716513443914
vn -0.363870024051525 -0.36387002405152497 -0.8574364181637524
vn 0.363870024051525 0.36387002405152497 -0.8574364181637526
vn 0.679869684309871 0.6798696843098709 -0.2748716513443918
usemtl m_bcf2eaaa-b239-c27d-7aaf-8bd85964fdf7
f 138/505/129 130/506/129 129/507/129 137/508/129
f 139/509/130 131/510/130 130/511/130 138/512/130
f 140/513/131 132/514/131 131/515/131 139/516/131
f 141/517/132 133/518/132 132/519/132 140/520/132
f 142/521/133 134/522/133 133/523/133 141/524/133
f 143/525/134 135/526/134 134/527/134 142/528/134
f 144/529/135 136/530/135 135/531/135 143/532/135
f 137/533/136 129/534/136 136/535/136 144/536/136
f 146/537/137 138/538/137 137/539/137 145/540/137
f 147/541/138 139/542/138 138/543/138 146/544/138
f 148/545/139 140/546/139 139/547/139 147/548/139
f 149/549/140 141/550/140 140/551/140 148/552/140
f 150/553/141 142/554/141 141/555/141 149/556/141
f 151/557/142 143/558/142 142/559/142 150/560/142
f 152/561/143 144/562/143 143/563/143 151/564/143
f 145/565/144 137/566/144 144/567/144 152/568/144
f 154/569/145 146/570/145 145/571/145 153/572/145
f 155/573/146 147/574/146 146/575/146 154/576/146
f 156/577/147 148/578/147 147/579/147 155/580/147
f 157/581/148 149/582/148 148/583/148 156/584/148
f 158/585/149 150/586/149 149/587/149 157/588/149
f 159/589/150 151/590/150 150/591/150 158/592/150
f 160/593/151 152/594/151 151/595/151 159/596/151
f 153/597/152 145/598/152 152/599/152 160/600/152
f 162/601/153 154/602/153 153/603/153 161/604/153
f 163/605/154 155/606/154 154/607/154 162/608/154
f 164/609/155 156/610/155 155/611/155 163/612/155
f 165/613/156 157/614/156 156/615/156 164/616/156
f 166/617/157 158/618/157 157/619/157 165/620/157
f 167/621/158 159/622/158 158/623/158 166/624/158
f 168/625/159 160/626/159 159/627/159 167/628/159
f 161/629/160 153/630/160 160/631/160 168/632/160
f 170/633/161 162/634/161 161/635/161 169/636/161
f 171/637/162 163/638/162 162/639/162 170/640/162
f 172/641/163 164/642/163 163/643/163 171/644/163
f 173/645/164 165/646/164 164/647/164 172/648/164
f 174/649/165 166/650/165 165/651/165 173/652/165
f 175/653/166 167/654/166 166/655/166 174/656/166
f 176/657/167 168/658/167 167/659/167 175/660/167
f 169/661/168 161/662/168 168/663/168 176/664/168
f 178/665/169 170/666/169 169/667/169 177/668/169
f 179/669/170 171/670/170 170/671/170 178/672/170
f 180/673/171 172/674/171 171/675/171 179/676/171
f 181/677/172 173/678/172 172/679/172 180/680/172
f 182/681/173 174/682/173 173/683/173 181/684/173
f 183/685/174 175/686/174 174/687/174 182/688/174
f 184/689/175 176/690/175 175/691/175 183/692/175
f 177/693/176 169/694/176 176/695/176 184/696/176
f 186/697/177 178/698/177 177/699/177 185/700/177
f 187/701/178 179/702/178 178/703/178 186/704/178
f 188/705/179 180/706/179 179/707/179 187/708/179
f 189/709/180 181/710/180 180/711/180 188/712/180
f 190/713/181 182/714/181 181/715/181 189/716/181
f 191/717/182 183/718/182 182/719/182 190/720/182
f 192/721/183 184/722/183 183/723/183 191/724/183
f 185/725/184 177/726/184 184/727/184 192/728/184
f 194/729/185 186/730/185 185/731/185 193/732/185
f 195/733/186 187/734/186 186/735/186 194/736/186
f 196/737/187 188/738/187 187/739/187 195/740/187
f 197/741/188 189/742/188 188/743/188 196/744/188
f 198/745/189 190/746/189 189/747/189 197/748/189
f 199/749/190 191/750/190 190/751/190 198/752/190
f 200/753/191 192/754/191 191/755/191 199/756/191
f 193/757/192 185/758/192 192/759/192 200/760/192
f 202/761/193 194/762/193 193/763/193 201/764/193
f 203/765/194 195/766/194 194/767/194 202/768/194
f 204/769/195 196/770/195 195/771/195 203/772/195
f 205/773/196 197/774/196 196/775/196 204/776/196
f 206/777/197 198/778/197 197/779/197 205/780/197
f 207/781/198 199/782/198 198/783/198 206/784/198
f 208/785/199 200/786/199 199/787/199 207/788/199
f 201/789/200 193/790/200 200/791/200 208/792/200
f 210/793/201 202/794/201 201/795/201 209/796/201
f 211/797/202 203/798/202 202/799/202 210/800/202
f 212/801/203 204/802/203 203/803/203 211/804/203
f 213/805/204 205/806/204 204/807/204 212/808/204
f 214/809/205 206/810/205 205/811/205 213/812/205
f 215/813/206 207/814/206 206/815/206 214/816/206
f 216/817/207 208/818/207 207/819/207 215/820/207
f 209/821/208 201/822/208 208/823/208 216/824/208
f 218/825/209 210/826/209 209/827/209 217/828/209
f 219/829/210 211/830/210 210/831/210 218/832/210
f 220/833/211 212/834/211 211/835/211 219/836/211
f 221/837/212 213/838/212 212/839/212 220/840/212
f 222/841/213 214/842/213 213/843/213 221/844/213
f 223/845/214 215/846/214 214/847/214 222/848/214
f 224/849/215 216/850/215 215/851/215 223/852/215
f 217/853/216 209/854/216 216/855/216 224/856/216
f 130/857/217 218/858/217 217/859/217 129/860/217
f 131/861/218 219/862/218 218/863/218 130/864/218
f 132/865/219 220/866/219 219/867/219 131/868/219
f 133/869/220 221/870/220 220/871/220 132/872/220
f 134/873/221 222/874/221 221/875/221 133/876/221
f 135/877/222 223/878/222 222/879/222 134/880/222
f 136/881/223 224/882/223 223/883/223 135/884/223
f 129/885/224 217/886/224 224/887/224 136/888/224
o beveled_cuboid_outline
v 0.2615498799384804 1.0269002401230392 0.2615498799384804
v 0.2615498799384804 1.0269002401230392 -0.2615498799384804
v -0.2615498799384804 1.0269002401230392 0.2615498799384804
v -0.2615498799384804 1.0269002401230392 -0.2615498799384804
v 0.2615498799384804 -0.026900240123039237 0.2615498799384804
v 0.2615498799384804 -0.026900240123039237 -0.2615498799384804
v -0.2615498799384804 -0.026900240123039237 0.2615498799384804
v -0.2615498799384804 -0.026900240123039237 -0.2615498799384804
v -0.5269002401230393 0.2384501200615196 0.2615498799384804
v -0.5269002401230393 0.7615498799384803 0.2615498799384804
v -0.5269002401230393 0.2384501200615196 -0.2615498799384804
v -0.5269002401230393 0.7615498799384803 -0.2615498799384804
v 0.5269002401230393 0.2384501200615196 0.2615498799384804
v 0.5269002401230393 0.7615498799384803 0.2615498799384804
v 0.5269002401230393 0.2384501200615196 -0.2615498799384804
v 0.5269002401230393 0.7615498799384803 -0.2615498799384804
v 0.2615498799384804 0.2384501200615196 -0.5269002401230393
v 0.2615498799384804 0.7615498799384803 -0.5269002401230393
v -0.2615498799384804 0.2384501200615196 -0.5269002401230393
v -0.2615498799384804 0.7615498799384803 -0.5269002401230393
v 0.2615498799384804 0.2384501200615196 0.5269002401230393
v 0.2615498799384804 0.7615498799384803 0.5269002401230393
v -0.2615498799384804 0.2384501200615196 0.5269002401230393
v -0.2615498799384804 0.7615498799384803 0.5269002401230393
vt 1.9375 0.0625
vt 1.9375 0.5625
vt 2.4375 0.5625
vt 2.4375 0.0625
vt 0 -1.375
vt 0.5 -1.375
vt 0.5 -1.875
vt 0 -1.875
vt 0.5625 -1.375
vt 1.0625 -1.375
vt 1.0625 -1.875
vt 0.5625 -1.875
vt 3.75 0.375
vt 3.75 -0.125
vt 3.25 -0.125
vt 3.25 0.375
vt 3.4375 -2.4375
vt 3.9375 -2.4375
vt 3.9375 -2.9375
vt 3.4375 -2.9375
vt 4.6875 -0.125
vt 4.6875 0.375
vt 5.1875 0.375
vt 5.1875 -0.125
vt 1.9375 -0.375
vt 1.9375 0
vt 2.4375 0
vt 2.4375 -0.375
vt 1.9375 -3.6875
vt 2.4375 -3.6875
vt 2.4375 -4.0625
vt 1.9375 -4.0625
vt 0.3125000000000001 -0.9375
vt 0.8125000000000001 -0.9375
vt 0.8125000000000001 -1.29105625
vt 0.3125000000000001 -1.29105625
vt 2.0625 -1.60355625
vt 2.0625 -1.25
vt 2.5625 -1.25
vt 2.5625 -1.60355625
vt 3 -4.125
vt 2.5 -4.125
vt 2.5 -3.75
vt 3 -3.75
vt 5.25 -1.875
vt 5.25 -2.25
vt 4.75 -2.25
vt 4.75 -1.875
vt 1.1875 0.22855625000000002
vt 1.1875 -0.125
vt 0.6875 -0.125
vt 0.6875 0.22855625000000002
vt 2.5625 0.625
vt 2.0625 0.625
vt 2.0625 0.97855625
vt 2.5625 0.97855625
vt 3.4375 -3.75
vt 3.4375 -4.25
vt 3.0625 -4.25
vt 3.0625 -3.75
vt 3.875 -4.25
vt 3.5 -4.25
vt 3.5 -3.75
vt 3.875 -3.75
vt 4.3125 -4.25
vt 3.9375 -4.25
vt 3.9375 -3.75
vt 4.3125 -3.75
vt 4.75 -3.8125
vt 4.75 -4.3125
vt 4.375 -4.3125
vt 4.375 -3.8125
vt 1.493684336114645 0.05178047997243396
vt 1.1875 -0.125
vt 1.1875 0.2285536533275394
vt 0.6875 0.2285536533275394
vt 0.6875 -0.125
vt 0.3813156638853551 0.05178047997243396
vt 2.0625 0.9785536533275394
vt 2.0625 0.625
vt 1.756315663885355 0.801780479972434
vt 2.868684336114645 0.801780479972434
vt 2.5625 0.625
vt 2.5625 0.9785536533275394
vt 0.8125 -1.2910536533275394
vt 0.8125000000000001 -0.9375
vt 1.1186843361146448 -1.1142804799724342
vt 0.006315663885355205 -1.1142804799724342
vt 0.3125000000000001 -0.9375
vt 0.31250000000000017 -1.2910536533275394
vt 1.7563156638853552 -1.4267804799724342
vt 2.0625 -1.25
vt 2.0625 -1.6035536533275394
vt 2.5625 -1.6035536533275394
vt 2.5625 -1.25
vt 2.8686843361146446 -1.4267804799724342
vn -1 0 0
vn 1 0 0
vn 0 -1 0
vn 0 1 0
vn 0 0 -1
vn 0 0 1
vn -0.7071067811865475 -0.7071067811865476 0
vn 0.7071067811865475 -0.7071067811865476 0
vn 0 -0.7071067811865476 -0.7071067811865475
vn 0 -0.7071067811865476 0.7071067811865475
vn -0.7071067811865475 0.7071067811865476 0
vn 0.7071067811865475 0.7071067811865476 0
vn 0 0.7071067811865476 -0.7071067811865475
vn 0 0.7071067811865476 0.7071067811865475
vn -0.7071067811865476 0 0.7071067811865476
vn -0.7071067811865476 0 -0.7071067811865476
vn 0.7071067811865476 0 0.7071067811865476
vn 0.7071067811865476 0 -0.7071067811865476
vn -0.5773502691896257 0.5773502691896258 -0.5773502691896257
vn 0.5773502691896257 0.5773502691896258 -0.5773502691896257
vn -0.5773502691896257 0.5773502691896258 0.5773502691896257
vn 0.5773502691896257 0.5773502691896258 0.5773502691896257
vn -0.5773502691896257 -0.5773502691896258 -0.5773502691896257
vn 0.5773502691896257 -0.5773502691896258 -0.5773502691896257
vn -0.5773502691896257 -0.5773502691896258 0.5773502691896257
vn 0.5773502691896257 -0.5773502691896258 0.5773502691896257
usemtl m_d10b73ca-f02d-6165-f9b9-67396e81041d
f 237/889/225 238/890/225 240/891/225 239/892/225
f 236/893/226 234/894/226 233/895/226 235/896/226
f 228/897/227 226/898/227 225/899/227 227/900/227
f 229/901/228 230/902/228 232/903/228 231/904/228
f 248/905/229 246/906/229 245/907/229 247/908/229
f 241/909/230 242/910/230 244/911/230 243/912/230
f 238/913/231 225/914/231 226/915/231 240/916/231
f 228/917/232 227/918/232 234/919/232 236/920/232
f 227/921/233 225/922/233 246/923/233 248/924/233
f 242/925/234 226/926/234 228/927/234 244/928/234
f 230/929/235 229/930/235 237/931/235 239/932/235
f 233/933/236 231/934/236 232/935/236 235/936/236
f 245/937/237 229/938/237 231/939/237 247/940/237
f 232/941/238 230/942/238 241/943/238 243/944/238
f 242/945/239 241/946/239 239/947/239 240/948/239
f 237/949/240 245/950/240 246/951/240 238/952/240
f 235/953/241 243/954/241 244/955/241 236/956/241
f 248/957/242 247/958/242 233/959/242 234/960/242
f 237/961/243 229/962/243 245/963/243
f 247/964/244 231/965/244 233/966/244
f 241/967/245 230/968/245 239/969/245
f 235/970/246 232/971/246 243/972/246
f 246/973/247 225/974/247 238/975/247
f 234/976/248 227/977/248 248/978/248
f 240/979/249 226/980/249 242/981/249
f 244/982/250 228/983/250 236/984/250
o mesh_outline
v 0.20416666666666666 1.2666666666666666 0.20416666666666666
v 0.20416666666666666 1.2666666666666666 -0.20416666666666666
v 0.20416666666666666 0.9833333333333334 0.20416666666666666
v 0.20416666666666666 0.9833333333333334 -0.20416666666666666
v -0.20416666666666666 1.2666666666666666 0.20416666666666666
v -0.20416666666666666 1.2666666666666666 -0.20416666666666666
v -0.20416666666666666 0.9833333333333334 0.20416666666666666
v -0.20416666666666666 0.9833333333333334 -0.20416666666666666
vt 0.6875 0.3125
vt 0.6875 0.5625
vt 1.0625 0.5625
vt 1.0625 0.3125
vt 0.6875 -0.1875
vt 1.0625 -0.1875
vt 1.0625 -0.4375
vt 0.6875 -0.4375
vt 4.1875 0.3125
vt 4.1875 -0.0625
vt 3.8125 -0.0625
vt 3.8125 0.3125
vt 4 -2.5
vt 4.375 -2.5
vt 4.375 -2.875
vt 4 -2.875
vt 2.0625 -0.9375
vt 2.4375 -0.9375
vt 2.4375 -1.1875
vt 2.0625 -1.1875
vt 2.0625 -1.9375
vt 2.0625 -1.6875
vt 2.4375 -1.6875
vt 2.4375 -1.9375
vn -1 0 0
vn 1 0 0
vn 0 -1 0
vn 0 1 0
vn 0 0 -1
vn 0 0 1
usemtl m_d10b73ca-f02d-6165-f9b9-67396e81041d
f 251/985/251 249/986/251 250/987/251 252/988/251
f 254/989/252 253/990/252 255/991/252 256/992/252
f 250/993/253 249/994/253 253/995/253 254/996/253
f 255/997/254 251/998/254 252/999/254 256/1000/254
f 253/1001/255 249/1002/255 251/1003/255 255/1004/255
f 252/1005/256 250/1006/256 254/1007/256 256/1008/256
o torus_outline
v 0.015239828230692393 0.7689632082415665 0.7499999999999998
v 0.08753666401551523 0.7540159977209597 0.901343277264247
v 0.1850983600632289 0.685098360063229 0.9769337567297406
v 0.25401599772095973 0.5875366640155153 0.9013432772642471
v 0.2689632082415665 0.5152398282306925 0.7499999999999998
v 0.1966663724567437 0.5301870387512992 0.5986567227357527
v 0.09910467640903001 0.59910467640903 0.5230662432702593
v 0.03018703875129919 0.6966663724567437 0.5986567227357527
v 0.261366877648344 1.0150902576592182 0.5490381056766579
v 0.3839348390666101 1.0478728950189193 0.6588875675339493
v 0.50296337909689 1.0029633790968902 0.7112976320958224
v 0.5478728950189193 0.8839348390666103 0.6588875675339494
v 0.5150902576592181 0.7613668776483441 0.5490381056766579
v 0.3925222962409519 0.7285842402886429 0.43918864381936656
v 0.2734937562106721 0.7734937562106722 0.3867785792574935
v 0.2285842402886427 0.8925222962409518 0.4391886438193665
v 0.4034683958844735 1.1571917758953476 0.20096189432334197
v 0.5541062766777333 1.2205856103831778 0.2415142032461765
v 0.6907964841536485 1.1907964841536485 0.26176861117443684
v 0.7205856103831778 1.0541062766777336 0.24151420324617656
v 0.6571917758953475 0.9034683958844735 0.20096189432334197
v 0.5065538951020877 0.8400745613966433 0.16040958540050748
v 0.3698636876261727 0.8698636876261727 0.14015517747224715
v 0.34007456139664327 1.0065538951020878 0.16040958540050743
v 0.4034683958844735 1.1571917758953476 -0.20096189432334208
v 0.5541062766777333 1.2205856103831778 -0.24151420324617662
v 0.6907964841536485 1.1907964841536485 -0.26176861117443695
v 0.7205856103831778 1.0541062766777336 -0.24151420324617665
v 0.6571917758953475 0.9034683958844735 -0.20096189432334208
v 0.5065538951020877 0.8400745613966433 -0.1604095854005075
v 0.36986368762617267 0.8698636876261727 -0.1401551774722472
v 0.34007456139664327 1.0065538951020878 -0.1604095854005075
v 0.261366877648344 1.0150902576592182 -0.5490381056766579
v 0.3839348390666102 1.0478728950189193 -0.6588875675339491
v 0.50296337909689 1.0029633790968902 -0.7112976320958224
v 0.5478728950189194 0.8839348390666104 -0.6588875675339493
v 0.5150902576592181 0.7613668776483441 -0.5490381056766579
v 0.3925222962409519 0.7285842402886429 -0.4391886438193665
v 0.2734937562106721 0.7734937562106722 -0.3867785792574934
v 0.2285842402886428 0.8925222962409519 -0.4391886438193664
v 0.015239828230692587 0.7689632082415667 -0.7499999999999998
v 0.08753666401551542 0.75401599772096 -0.9013432772642469
v 0.18509836006322905 0.6850983600632291 -0.9769337567297405
v 0.25401599772095995 0.5875366640155155 -0.901343277264247
v 0.26896320824156666 0.5152398282306927 -0.7499999999999998
v 0.1966663724567438 0.5301870387512992 -0.5986567227357528
v 0.09910467640903012 0.5991046764090301 -0.5230662432702593
v 0.0301870387512993 0.6966663724567437 -0.5986567227357527
v -0.2689632082415663 0.48476017176930775 -0.75
v -0.25401599772095945 0.41246333598448504 -0.901343277264247
v -0.1850983600632287 0.31490163993677134 -0.9769337567297407
v -0.08753666401551499 0.2459840022790405 -0.9013432772642471
v -0.015239828230692198 0.23103679175843372 -0.75
v -0.03018703875129901 0.3033336275432565 -0.5986567227357528
v -0.09910467640902981 0.40089532359097013 -0.5230662432702593
v -0.1966663724567435 0.4698129612487009 -0.5986567227357527
v -0.5150902576592181 0.2386331223516559 -0.5490381056766581
v -0.5478728950189192 0.11606516093338987 -0.6588875675339494
v -0.50296337909689 -0.0029633790968901508 -0.7112976320958225
v -0.3839348390666102 -0.04787289501891945 -0.6588875675339495
v -0.261366877648344 -0.01509025765921812 -0.5490381056766581
v -0.22858424028864277 0.10747770375904803 -0.4391886438193667
v -0.2734937562106721 0.22650624378932782 -0.3867785792574935
v -0.3925222962409518 0.27141575971135723 -0.43918864381936656
v -0.6571917758953475 0.09653160411552653 -0.20096189432334188
v -0.7205856103831777 -0.05410627667773338 -0.2415142032461764
v -0.6907964841536485 -0.19079648415364858 -0.2617686111744367
v -0.5541062766777334 -0.22058561038317792 -0.24151420324617642
v -0.4034683958844735 -0.1571917758953475 -0.20096189432334188
v -0.34007456139664327 -0.0065538951020878145 -0.1604095854005074
v -0.3698636876261727 0.13013631237382722 -0.14015517747224707
v -0.5065538951020877 0.15992543860335667 -0.16040958540050737
v -0.6571917758953476 0.0965316041155263 0.20096189432334166
v -0.7205856103831777 -0.05410627667773338 0.24151420324617606
v -0.6907964841536485 -0.19079648415364858 0.2617686111744364
v -0.5541062766777334 -0.22058561038317792 0.24151420324617612
v -0.4034683958844736 -0.15719177589534772 0.20096189432334166
v -0.3400745613966432 -0.0065538951020878145 0.16040958540050715
v -0.36986368762617267 0.13013631237382728 0.14015517747224687
v -0.5065538951020877 0.15992543860335667 0.16040958540050715
v -0.5150902576592182 0.23863312235165574 0.5490381056766578
v -0.5478728950189194 0.11606516093338964 0.6588875675339491
v -0.5029633790968902 -0.0029633790968901508 0.7112976320958223
v -0.38393483906661036 -0.04787289501891956 0.6588875675339491
v -0.2613668776483442 -0.015090257659218231 0.5490381056766578
v -0.22858424028864288 0.10747770375904792 0.4391886438193664
v -0.2734937562106721 0.22650624378932782 0.38677857925749326
v -0.3925222962409519 0.2714157597113571 0.43918864381936634
v -0.2689632082415665 0.4847601717693076 0.7499999999999998
v -0.2540159977209597 0.4124633359844848 0.901343277264247
v -0.1850983600632289 0.3149016399367711 0.9769337567297406
v -0.08753666401551526 0.24598400227904027 0.9013432772642471
v -0.015239828230692393 0.23103679175843356 0.7499999999999998
v -0.03018703875129912 0.3033336275432563 0.5986567227357528
v -0.09910467640902992 0.40089532359097 0.5230662432702594
v -0.19666637245674362 0.4698129612487008 0.5986567227357527
vt 2.963086428523105 -2.1285515152896224
vt 2.5489875 -2.357084725176099
vt 2.5134625 -2.219190975176099
vt 2.865355754076112 -2.024987876949719
vt 2.73485893084574 -2.723756873113829
vt 2.2512 -2.859697296142284
vt 2.2364875 -2.7529785461422844
vt 2.691819074077954 -2.625
vt 5.879319074077953 -3.75
vt 5.4239875 -3.622021453857716
vt 5.4387 -3.5153027038577163
vt 5.922358930845741 -3.651243126886171
vt 4.427855754076112 -2.1625121230502833
vt 4.0759625 -1.968309024823903
vt 4.1114875 -1.830415274823903
vt 4.5255864285231056 -2.0589484847103794
vt 4.330125079629118 -2.2660757613901863
vt 4.0404374999999995 -2.106202774823903
vt 4.0759625 -1.968309024823903
vt 4.427855754076112 -2.1625121230502833
vt 4.934097675455732 -1.3116843170247878
vt 5.22428125 -1.3932812500000002
vt 5.2095625 -1.5
vt 4.891040450728311 -1.4104345504518405
vt 5.266040450728312 -0.02706544954815948
vt 5.5845625 0.0625
vt 5.59928125 -0.04421874999999997
vt 5.309097675455732 -0.12581568297521217
vt 2.865355754076112 -2.024987876949719
vt 2.5134625 -2.219190975176099
vt 2.4779375 -2.0812972251760993
vt 2.767625079629118 -1.9214242386098155
vt 3.2152149650905075 -1.728380862101036
vt 2.963086428523105 -2.1285515152896224
vt 2.865355754076112 -2.024987876949719
vt 3.0796097042000152 -1.6849306016543597
vt 4.4988 -1.7971972961422842
vt 4.01514106915426 -1.661256873113829
vt 4.058180925922046 -1.5625
vt 4.5135125 -1.6904785461422844
vt 5.2010125 0.5654785461422842
vt 4.745680925922046 0.4375
vt 4.70264106915426 0.5362568731138291
vt 5.1863 0.6721972961422842
vt 4.642109704200015 -2.502569398345642
vt 4.427855754076112 -2.1625121230502833
vt 4.5255864285231056 -2.0589484847103794
vt 4.777714965090508 -2.4591191378989654
vt 4.506504443309524 -2.5460196587923187
vt 4.330125079629118 -2.2660757613901863
vt 4.427855754076112 -2.162512123050283
vt 4.642109704200015 -2.502569398345642
vt 5.46321875 -4.26828125
vt 5.753402324544268 -4.186684317024788
vt 5.796459549271688 -4.28543455045184
vt 5.4779374999999995 -4.375
vt 5.9779375 -1.8125
vt 6.296459549271688 -1.9020654495481595
vt 6.253402324544268 -2.000815682975212
vt 5.96321875 -1.9192187499999998
vt 3.0796097042000152 -1.6849306016543597
vt 2.865355754076112 -2.0249878769497194
vt 2.767625079629118 -1.921424238609816
vt 2.944004443309523 -1.6414803412076835
vt 3.24260303627208 -1.256199494211585
vt 3.2152149650905075 -1.728380862101036
vt 3.0796097042000152 -1.6849306016543597
vt 3.102883556961056 -1.2836800148602001
vt 5.0012 -1.7971972961422842
vt 4.4988 -1.7971972961422842
vt 4.5135125 -1.6904785461422844
vt 4.9864875 -1.6904785461422844
vt 5.6739875 0.5654785461422842
vt 5.2010125 0.5654785461422842
vt 5.1863 0.6721972961422842
vt 5.6887 0.6721972961422842
vt 4.665383556961057 -2.903819985139801
vt 4.642109704200015 -2.502569398345642
vt 4.777714965090508 -2.4591191378989654
vt 4.805103036272081 -2.9313005057884167
vt 4.525664077650034 -2.8763394644911866
vt 4.506504443309524 -2.5460196587923187
vt 4.642109704200015 -2.502569398345642
vt 4.665383556961057 -2.9038199851398017
vt 5.16178125 -4.26828125
vt 5.46321875 -4.26828125
vt 5.4779374999999995 -4.375
vt 5.1470625 -4.375
vt 5.6470625 -1.8125
vt 5.9779375 -1.8125
vt 5.96321875 -1.9192187499999998
vt 5.66178125 -1.9192187499999998
vt 3.1028835569610567 -1.2836800148602001
vt 3.0796097042000152 -1.6849306016543597
vt 2.944004443309523 -1.6414803412076835
vt 2.963164077650033 -1.3111605355088152
vt 3.0384320912501237 -0.8295619714433207
vt 3.24260303627208 -1.256199494211585
vt 3.102883556961056 -1.2836800148602001
vt 2.9293830398556073 -0.9211317060941244
vt 5.48485893084574 -1.661256873113829
vt 5.0012 -1.7971972961422842
vt 4.9864875 -1.6904785461422844
vt 5.441819074077954 -1.5625
vt 6.129319074077953 0.4375
vt 5.6739875 0.5654785461422842
vt 5.6887 0.6721972961422842
vt 6.172358930845741 0.5362568731138291
vt 4.491883039855608 -3.2663682939058774
vt 4.665383556961057 -2.903819985139801
vt 4.805103036272081 -2.9313005057884167
vt 4.600932091250124 -3.3579380285566813
vt 4.382833988461092 -3.1747985592550734
vt 4.525664077650034 -2.876339464491186
vt 4.665383556961057 -2.903819985139801
vt 4.491883039855608 -3.2663682939058774
vt 4.871597675455732 -4.186684317024788
vt 5.16178125 -4.26828125
vt 5.1470625 -4.375
vt 4.828540450728311 -4.28543455045184
vt 5.328540450728312 -1.9020654495481595
vt 5.6470625 -1.8125
vt 5.66178125 -1.9192187499999998
vt 5.371597675455732 -2.000815682975212
vt 2.9293830398556073 -0.9211317060941244
vt 3.102883556961056 -1.2836800148602001
vt 2.963164077650033 -1.3111605355088152
vt 2.820333988461091 -1.0127014407449284
vt 2.6535326523677556 -0.5546842303054864
vt 3.0384320912501237 -0.8295619714433209
vt 2.9293830398556073 -0.9211317060941246
vt 2.602302946884952 -0.6875459222644844
vt 0.4988 -3.1096972961422846
vt 0.015141069154259723 -2.973756873113829
vt 0.058180925922046156 -2.875
vt 0.5135125 -3.002978546142284
vt 5.0760125 -0.4345214538577158
vt 4.620680925922046 -0.5625
vt 4.57764106915426 -0.4637431268861709
vt 5.0613 -0.3278027038577158
vt 4.164802946884953 -3.4999540777355165
vt 4.491883039855608 -3.2663682939058774
vt 4.600932091250124 -3.3579380285566813
vt 4.2160326523677565 -3.632815769694515
vt 4.113573241402149 -3.3670923857765187
vt 4.382833988461092 -3.1747985592550734
vt 4.491883039855608 -3.2663682939058774
vt 4.164802946884953 -3.4999540777355165
vt 5.52571875 -2.4557812500000002
vt 5.815902324544268 -2.374184317024788
vt 5.858959549271688 -2.4729345504518405
vt 5.5404374999999995 -2.5625
vt 2.7904375 -4.3125
vt 3.1089595492716886 -4.402065449548159
vt 3.0659023245442683 -4.500815682975212
vt 2.7757187500000002 -4.41921875
vt 2.6023029468849517 -0.6875459222644844
vt 2.9293830398556073 -0.9211317060941246
vt 2.820333988461091 -1.0127014407449284
vt 2.551073241402148 -0.8204076142234824
vt 2.183729517447504 -0.5
vt 2.6535326523677556 -0.5546842303054866
vt 2.602302946884952 -0.6875459222644844
vt 2.2030733364344584 -0.6410763218299316
vt 1.0011999999999999 -3.1096972961422846
vt 0.4988 -3.1096972961422846
vt 0.5135125 -3.002978546142284
vt 0.9864875 -3.002978546142284
vt 5.5489875 -0.4345214538577158
vt 5.0760125 -0.4345214538577158
vt 5.0613 -0.3278027038577158
vt 5.5637 -0.3278027038577158
vt 3.765573336434459 -3.5464236781700684
vt 4.164802946884953 -3.4999540777355165
vt 4.2160326523677565 -3.632815769694515
vt 3.746229517447504 -3.6875
vt 3.7849171554214136 -3.405347356340137
vt 4.1135732414021495 -3.367092385776518
vt 4.164802946884953 -3.4999540777355165
vt 3.765573336434459 -3.5464236781700684
vt 5.22428125 -2.4557812500000002
vt 5.52571875 -2.4557812500000002
vt 5.5404374999999995 -2.5625
vt 5.2095625 -2.5625
vt 2.4595625 -4.3125
vt 2.7904375 -4.3125
vt 2.7757187500000002 -4.41921875
vt 2.4742812499999998 -4.41921875
vt 2.2030733364344584 -0.6410763218299316
vt 2.602302946884952 -0.6875459222644844
vt 2.551073241402148 -0.8204076142234824
vt 2.2224171554214127 -0.7821526436598631
vt 1.5865679087498763 -0.8295619714433209
vt 1.9714673476322442 -0.5546842303054864
vt 2.022697053115048 -0.6875459222644844
vt 1.6956169601443927 -0.9211317060941246
vt 1.4848589308457403 -2.973756873113829
vt 1.0011999999999999 -3.1096972961422846
vt 0.9864875 -3.002978546142284
vt 1.441819074077954 -2.875
vt 6.004319074077953 -0.5625
vt 5.5489875 -0.4345214538577158
vt 5.5637 -0.3278027038577158
vt 6.047358930845741 -0.4637431268861709
vt 3.258116960144392 -3.2663682939058774
vt 3.5851970531150474 -3.4999540777355165
vt 3.5339673476322435 -3.632815769694515
vt 3.1490679087498754 -3.3579380285566813
vt 3.3671660115389077 -3.1747985592550734
vt 3.6364267585978505 -3.3670923857765187
vt 3.5851970531150474 -3.4999540777355165
vt 3.2581169601443913 -3.2663682939058774
vt 4.934097675455732 -2.374184317024788
vt 5.22428125 -2.4557812500000002
vt 5.2095625 -2.5625
vt 4.891040450728311 -2.4729345504518405
vt 2.1410404507283114 -4.402065449548159
vt 2.4595625 -4.3125
vt 2.4742812499999998 -4.41921875
vt 2.1840976754557317 -4.500815682975212
vt 1.6956169601443927 -0.9211317060941249
vt 2.022697053115048 -0.6875459222644844
vt 2.073926758597852 -0.8204076142234826
vt 1.804666011538909 -1.0127014407449284
vt 1.38239696372792 -1.256199494211585
vt 1.5865679087498763 -0.8295619714433207
vt 1.6956169601443927 -0.9211317060941244
vt 1.5221164430389436 -1.2836800148602001
vt 1.7488000000000001 -3.3596972961422846
vt 1.2651410691542597 -3.223756873113829
vt 1.3081809259220463 -3.125
vt 1.7635125 -3.252978546142284
vt 0.5135125 -3.747021453857716
vt 0.058180925922046045 -3.875
vt 0.015141069154259612 -3.776243126886171
vt 0.4988 -3.6403027038577163
vt 3.084616443038943 -2.903819985139801
vt 3.258116960144392 -3.2663682939058774
vt 3.1490679087498754 -3.3579380285566813
vt 2.944896963727919 -2.9313005057884167
vt 3.224335922349966 -2.876339464491186
vt 3.3671660115389077 -3.1747985592550734
vt 3.258116960144392 -3.2663682939058774
vt 3.084616443038943 -2.903819985139801
vt 5.52571875 -2.7682812500000002
vt 5.815902324544268 -2.686684317024788
vt 5.858959549271688 -2.7854345504518405
vt 5.5404374999999995 -2.875
vt 5.9779375 -2.125
vt 6.296459549271688 -2.2145654495481595
vt 6.253402324544268 -2.313315682975212
vt 5.96321875 -2.2317187499999998
vt 1.5221164430389436 -1.2836800148602001
vt 1.6956169601443924 -0.9211317060941244
vt 1.8046660115389088 -1.0127014407449284
vt 1.661835922349967 -1.3111605355088152
vt 1.4097850349094925 -1.728380862101036
vt 1.38239696372792 -1.256199494211585
vt 1.5221164430389438 -1.2836800148602001
vt 1.5453902957999848 -1.6849306016543597
vt 2.2512 -3.3596972961422846
vt 1.7488000000000001 -3.3596972961422846
vt 1.7635125 -3.252978546142284
vt 2.2364875 -3.252978546142284
vt 0.9864875 -3.747021453857716
vt 0.5135125 -3.747021453857716
vt 0.4988 -3.6403027038577163
vt 1.0011999999999999 -3.6403027038577163
vt 3.1078902957999843 -2.502569398345642
vt 3.084616443038943 -2.903819985139801
vt 2.944896963727919 -2.9313005057884167
vt 2.972285034909492 -2.4591191378989654
vt 3.2434955566904766 -2.5460196587923187
vt 3.2243359223499652 -2.8763394644911866
vt 3.084616443038942 -2.903819985139801
vt 3.1078902957999843 -2.502569398345642
vt 5.22428125 -2.7682812500000002
vt 5.52571875 -2.7682812500000002
vt 5.5404374999999995 -2.875
vt 5.2095625 -2.875
vt 5.6470625 -2.125
vt 5.9779375 -2.125
vt 5.96321875 -2.2317187499999998
vt 5.66178125 -2.2317187499999998
vt 1.5453902957999848 -1.6849306016543597
vt 1.522116443038943 -1.2836800148602001
vt 1.6618359223499661 -1.3111605355088152
vt 1.680995556690477 -1.641480341207683
vt 1.661913571476895 -2.1285515152896224
vt 1.4097850349094925 -1.728380862101036
vt 1.5453902957999848 -1.6849306016543597
vt 1.7596442459238881 -2.024987876949719
vt 2.73485893084574 -3.223756873113829
vt 2.2512 -3.3596972961422846
vt 2.2364875 -3.252978546142284
vt 2.691819074077954 -3.125
vt 1.4418190740779537 -3.875
vt 0.9864875 -3.747021453857716
vt 1.0011999999999999 -3.6403027038577163
vt 1.4848589308457405 -3.776243126886171
vt 3.322144245923888 -2.1625121230502833
vt 3.1078902957999843 -2.502569398345642
vt 2.972285034909492 -2.4591191378989654
vt 3.224413571476895 -2.0589484847103794
vt 3.4198749203708814 -2.2660757613901863
vt 3.2434955566904766 -2.5460196587923187
vt 3.1078902957999843 -2.502569398345642
vt 3.322144245923888 -2.162512123050283
vt 4.934097675455732 -2.686684317024788
vt 5.22428125 -2.7682812500000002
vt 5.2095625 -2.875
vt 4.891040450728311 -2.7854345504518405
vt 5.328540450728312 -2.2145654495481595
vt 5.6470625 -2.125
vt 5.66178125 -2.2317187499999998
vt 5.371597675455732 -2.313315682975212
vt 1.7596442459238884 -2.024987876949719
vt 1.5453902957999848 -1.6849306016543597
vt 1.680995556690477 -1.641480341207683
vt 1.8573749203708816 -1.9214242386098155
vt 2.0760125 -2.357084725176099
vt 1.661913571476895 -2.1285515152896224
vt 1.7596442459238881 -2.024987876949719
vt 2.1115375 -2.219190975176099
vt 1.7488000000000001 -2.859697296142284
vt 1.2651410691542597 -2.723756873113829
vt 1.3081809259220463 -2.625
vt 1.7635125 -2.7529785461422844
vt 4.9510125 -3.622021453857716
vt 4.495680925922046 -3.75
vt 4.45264106915426 -3.651243126886171
vt 4.9363 -3.5153027038577163
vt 3.6740375 -1.968309024823903
vt 3.322144245923888 -2.1625121230502833
vt 3.224413571476895 -2.0589484847103794
vt 3.6385125 -1.830415274823903
vt 3.7095624999999997 -2.106202774823903
vt 3.4198749203708814 -2.2660757613901863
vt 3.322144245923888 -2.162512123050283
vt 3.6740375 -1.968309024823903
vt 5.52571875 -1.3932812500000002
vt 5.815902324544268 -1.3116843170247878
vt 5.858959549271688 -1.4104345504518405
vt 5.5404374999999995 -1.5
vt 5.9154375 0.0625
vt 6.233959549271688 -0.02706544954815948
vt 6.190902324544268 -0.12581568297521217
vt 5.90071875 -0.04421874999999997
vt 2.1115375 -2.219190975176099
vt 1.7596442459238881 -2.0249878769497194
vt 1.8573749203708814 -1.9214242386098155
vt 2.1470624999999997 -2.0812972251760993
vt 2.5489875 -2.357084725176099
vt 2.0760125 -2.357084725176099
vt 2.1115375 -2.219190975176099
vt 2.5134625 -2.219190975176099
vt 2.2512 -2.859697296142284
vt 1.7488000000000001 -2.859697296142284
vt 1.7635125 -2.7529785461422844
vt 2.2364875 -2.7529785461422844
vt 5.4239875 -3.622021453857716
vt 4.9510125 -3.622021453857716
vt 4.9363 -3.5153027038577163
vt 5.4387 -3.5153027038577163
vt 4.0759625 -1.968309024823903
vt 3.6740375 -1.968309024823903
vt 3.6385125 -1.830415274823903
vt 4.1114875 -1.830415274823903
vt 4.0404374999999995 -2.106202774823903
vt 3.7095625 -2.106202774823903
vt 3.6740375 -1.968309024823903
vt 4.0759625 -1.968309024823903
vt 5.22428125 -1.3932812500000002
vt 5.52571875 -1.3932812500000002
vt 5.5404374999999995 -1.5
vt 5.2095625 -1.5
vt 5.5845625 0.0625
vt 5.9154375 0.0625
vt 5.90071875 -0.04421874999999997
vt 5.59928125 -0.04421874999999997
vt 2.5134625 -2.219190975176099
vt 2.1115375 -2.219190975176099
vt 2.1470625 -2.0812972251760993
vt 2.4779375000000003 -2.0812972251760993
vn 0.5179521520310921 -0.791038192958148 -0.3255520626380184
vn 0.07837563641964335 -0.6842608852173999 -0.7250133106207887
vn -0.6819156833562008 0.08147746782957593 -0.7268785476466658
vn -0.7882519290675893 0.5213422066705863 -0.32689631363028226
vn -0.5264131327763046 0.7840360174162094 0.3289023214189376
vn -0.09599610801007308 0.6707542304740007 0.7354410306395405
vn 0.6760101996108733 -0.08920850246167977 0.7314725238247927
vn 0.7882519290675893 -0.521342206670586 0.3268963136302828
vn 0.41510708892212034 -0.8879242517852591 -0.1981833187182792
vn -0.14529038580096443 -0.8898395860599748 -0.432523080163845
vn -0.8912405100660543 -0.1474117227727916 -0.42890574396521824
vn -0.8898303893646832 0.4126074721048667 -0.19482544014149747
vn -0.408832032054566 0.8926614579630969 0.1897679926471601
vn 0.15716138142417801 0.8974781774414744 0.41210826393700667
vn 0.8945505743938378 0.15252079481207897 0.42013887823140894
vn 0.8898303893646832 -0.4126074721048665 0.19482544014149758
vn 0.3878873454720846 -0.9217067902660911 0
vn -0.2129337709099366 -0.9770666349876425 1.2708015479634858e-17
vn -0.9770666349876422 -0.21293377090993754 -1.5523921978435334e-17
vn -0.921706790266091 0.38788734547208464 0
vn -0.3878873454720845 0.9217067902660911 0
vn 0.21293377090993887 0.977066634987642 -3.174521341661645e-16
vn 0.9770666349876419 0.21293377090993876 0
vn 0.9217067902660911 -0.3878873454720841 0
vn 0.4242951013740097 -0.8846952436152307 0.19310099138690845
vn -0.1313435675719468 -0.8939800892089902 0.4284255680457923
vn -0.8956773257328748 -0.13228417454709804 0.42457393388242626
vn -0.8859476679819449 0.4236464677562307 0.18873367467153973
vn -0.42265551327292894 0.8877936369195851 -0.18216688871771636
vn 0.1366601706860058 0.9034105091700795 -0.40641536593629174
vn 0.899838532884426 0.1346198308118725 -0.41493145926596964
vn 0.885947667981945 -0.4236464677562302 -0.18873367467154004
vn 0.5113789017699397 -0.7916524389374398 0.33433222212190966
vn 0.06643459712595784 -0.6781146031330527 0.73194742251231
vn -0.6751965536942982 0.06863223359896443 0.7344380371348967
vn -0.7889813206064817 0.5134565408630681 0.33744756093204276
vn -0.5165605105558656 0.7849329794617972 -0.3421190679975164
vn -0.07875384999577546 0.6615629460215212 -0.7457427837814918
vn 0.6680979396284182 -0.07393183995334092 -0.7403912655517866
vn 0.7889813206064817 -0.5134565408630681 -0.33744756093204287
vn 0.6547970678690875 -0.6547970678690878 0.37746734934307996
vn 0.38206643203885265 -0.382066432038853 0.841457356624922
vn -0.3820664320388526 0.3820664320388522 0.8414573566249227
vn -0.6547970678690879 0.6547970678690876 0.3774673493430799
vn -0.6547970678690876 0.6547970678690876 -0.3774673493430802
vn -0.38206643203885243 0.3820664320388524 -0.8414573566249225
vn 0.382066432038852 -0.38206643203885193 -0.8414573566249229
vn 0.6547970678690878 -0.6547970678690875 -0.37746734934308024
vn 0.7910381929581481 -0.5179521520310918 0.325552062638019
vn 0.6842608852174 -0.07837563641964397 0.7250133106207886
vn -0.08147746782957693 0.6819156833562006 0.7268785476466658
vn -0.5213422066705862 0.7882519290675892 0.32689631363028276
vn -0.7840360174162094 0.5264131327763047 -0.32890232141893744
vn -0.6707542304740007 0.0959961080100736 -0.7354410306395405
vn 0.08920850246168018 -0.676010199610873 -0.7314725238247928
vn 0.5213422066705864 -0.7882519290675892 -0.3268963136302826
vn 0.8879242517852591 -0.41510708892211995 0.19818331871827924
vn 0.8898395860599748 0.14529038580096443 0.4325230801638448
vn 0.14741172277279152 0.8912405100660542 0.42890574396521797
vn -0.4126074721048666 0.8898303893646833 0.19482544014149744
vn -0.8926614579630969 0.40883203205456603 -0.18976799264716004
vn -0.8974781774414744 -0.15716138142417796 -0.41210826393700645
vn -0.15252079481207864 -0.8945505743938378 -0.4201388782314089
vn 0.4126074721048668 -0.8898303893646831 -0.19482544014149725
vn 0.921706790266091 -0.38788734547208464 0
vn 0.9770666349876422 0.21293377090993681 -1.1296013759675446e-17
vn 0.2129337709099376 0.9770666349876422 1.5523921978435356e-17
vn -0.38788734547208487 0.9217067902660909 2.0853353502462436e-16
vn -0.9217067902660911 0.3878873454720841 1.3062590406881943e-16
vn -0.977066634987642 -0.21293377090993815 3.1217772709999855e-16
vn -0.21293377090993865 -0.977066634987642 2.337296514118262e-17
vn 0.3878873454720843 -0.9217067902660913 -2.085335350246247e-16
vn 0.8846952436152308 -0.42429510137400894 -0.1931009913869084
vn 0.8939800892089903 0.13134356757194693 -0.4284255680457919
vn 0.13228417454709807 0.895677325732875 -0.42457393388242576
vn -0.42364646775623044 0.885947667981945 -0.18873367467153984
vn -0.8877936369195851 0.4226555132729291 0.18216688871771594
vn -0.9034105091700795 -0.13666017068600597 0.4064153659362915
vn -0.13461983081187262 -0.899838532884426 0.41493145926596914
vn 0.4236464677562307 -0.8859476679819449 0.1887336746715397
vn 0.7916524389374396 -0.5113789017699395 -0.33433222212190966
vn 0.6781146031330524 -0.06643459712595719 -0.7319474225123105
vn -0.06863223359896486 0.6751965536942985 -0.7344380371348963
vn -0.5134565408630681 0.7889813206064815 -0.3374475609320432
vn -0.7849329794617974 0.5165605105558656 0.3421190679975163
vn -0.6615629460215218 0.07875384999577562 0.7457427837814913
vn 0.07393183995334196 -0.6680979396284185 0.7403912655517862
vn 0.5134565408630685 -0.7889813206064815 0.33744756093204276
vn 0.6547970678690879 -0.6547970678690878 -0.37746734934307974
vn 0.3820664320388529 -0.3820664320388528 -0.8414573566249223
vn -0.3820664320388524 0.3820664320388523 -0.8414573566249226
vn -0.6547970678690879 0.6547970678690878 -0.37746734934307974
vn -0.6547970678690875 0.6547970678690878 0.37746734934308024
vn -0.3820664320388517 0.38206643203885204 0.8414573566249229
vn 0.3820664320388516 -0.38206643203885154 0.8414573566249234
vn 0.6547970678690876 -0.6547970678690876 0.3774673493430802
usemtl m_d10b73ca-f02d-6165-f9b9-67396e81041d
f 266/1009/257 258/1010/257 257/1011/257 265/1012/257
f 267/1013/258 259/1014/258 258/1015/258 266/1016/258
f 268/1017/259 260/1018/259 259/1019/259 267/1020/259
f 269/1021/260 261/1022/260 260/1023/260 268/1024/260
f 270/1025/261 262/1026/261 261/1027/261 269/1028/261
f 271/1029/262 263/1030/262 262/1031/262 270/1032/262
f 272/1033/263 264/1034/263 263/1035/263 271/1036/263
f 265/1037/264 257/1038/264 264/1039/264 272/1040/264
f 274/1041/265 266/1042/265 265/1043/265 273/1044/265
f 275/1045/266 267/1046/266 266/1047/266 274/1048/266
f 276/1049/267 268/1050/267 267/1051/267 275/1052/267
f 277/1053/268 269/1054/268 268/1055/268 276/1056/268
f 278/1057/269 270/1058/269 269/1059/269 277/1060/269
f 279/1061/270 271/1062/270 270/1063/270 278/1064/270
f 280/1065/271 272/1066/271 271/1067/271 279/1068/271
f 273/1069/272 265/1070/272 272/1071/272 280/1072/272
f 282/1073/273 274/1074/273 273/1075/273 281/1076/273
f 283/1077/274 275/1078/274 274/1079/274 282/1080/274
f 284/1081/275 276/1082/275 275/1083/275 283/1084/275
f 285/1085/276 277/1086/276 276/1087/276 284/1088/276
f 286/1089/277 278/1090/277 277/1091/277 285/1092/277
f 287/1093/278 279/1094/278 278/1095/278 286/1096/278
f 288/1097/279 280/1098/279 279/1099/279 287/1100/279
f 281/1101/280 273/1102/280 280/1103/280 288/1104/280
f 290/1105/281 282/1106/281 281/1107/281 289/1108/281
f 291/1109/282 283/1110/282 282/1111/282 290/1112/282
f 292/1113/283 284/1114/283 283/1115/283 291/1116/283
f 293/1117/284 285/1118/284 284/1119/284 292/1120/284
f 294/1121/285 286/1122/285 285/1123/285 293/1124/285
f 295/1125/286 287/1126/286 286/1127/286 294/1128/286
f 296/1129/287 288/1130/287 287/1131/287 295/1132/287
f 289/1133/288 281/1134/288 288/1135/288 296/1136/288
f 298/1137/289 290/1138/289 289/1139/289 297/1140/289
f 299/1141/290 291/1142/290 290/1143/290 298/1144/290
f 300/1145/291 292/1146/291 291/1147/291 299/1148/291
f 301/1149/292 293/1150/292 292/1151/292 300/1152/292
f 302/1153/293 294/1154/293 293/1155/293 301/1156/293
f 303/1157/294 295/1158/294 294/1159/294 302/1160/294
f 304/1161/295 296/1162/295 295/1163/295 303/1164/295
f 297/1165/296 289/1166/296 296/1167/296 304/1168/296
f 306/1169/297 298/1170/297 297/1171/297 305/1172/297
f 307/1173/298 299/1174/298 298/1175/298 306/1176/298
f 308/1177/299 300/1178/299 299/1179/299 307/1180/299
f 309/1181/300 301/1182/300 300/1183/300 308/1184/300
f 310/1185/301 302/1186/301 301/1187/301 309/1188/301
f 311/1189/302 303/1190/302 302/1191/302 310/1192/302
f 312/1193/303 304/1194/303 303/1195/303 311/1196/303
f 305/1197/304 297/1198/304 304/1199/304 312/1200/304
f 314/1201/305 306/1202/305 305/1203/305 313/1204/305
f 315/1205/306 307/1206/306 306/1207/306 314/1208/306
f 316/1209/307 308/1210/307 307/1211/307 315/1212/307
f 317/1213/308 309/1214/308 308/1215/308 316/1216/308
f 318/1217/309 310/1218/309 309/1219/309 317/1220/309
f 319/1221/310 311/1222/310 310/1223/310 318/1224/310
f 320/1225/311 312/1226/311 311/1227/311 319/1228/311
f 313/1229/312 305/1230/312 312/1231/312 320/1232/312
f 322/1233/313 314/1234/313 313/1235/313 321/1236/313
f 323/1237/314 315/1238/314 314/1239/314 322/1240/314
f 324/1241/315 316/1242/315 315/1243/315 323/1244/315
f 325/1245/316 317/1246/316 316/1247/316 324/1248/316
f 326/1249/317 318/1250/317 317/1251/317 325/1252/317
f 327/1253/318 319/1254/318 318/1255/318 326/1256/318
f 328/1257/319 320/1258/319 319/1259/319 327/1260/319
f 321/1261/320 313/1262/320 320/1263/320 328/1264/320
f 330/1265/321 322/1266/321 321/1267/321 329/1268/321
f 331/1269/322 323/1270/322 322/1271/322 330/1272/322
f 332/1273/323 324/1274/323 323/1275/323 331/1276/323
f 333/1277/324 325/1278/324 324/1279/324 332/1280/324
f 334/1281/325 326/1282/325 325/1283/325 333/1284/325
f 335/1285/326 327/1286/326 326/1287/326 334/1288/326
f 336/1289/327 328/1290/327 327/1291/327 335/1292/327
f 329/1293/328 321/1294/328 328/1295/328 336/1296/328
f 338/1297/329 330/1298/329 329/1299/329 337/1300/329
f 339/1301/330 331/1302/330 330/1303/330 338/1304/330
f 340/1305/331 332/1306/331 331/1307/331 339/1308/331
f 341/1309/332 333/1310/332 332/1311/332 340/1312/332
f 342/1313/333 334/1314/333 333/1315/333 341/1316/333
f 343/1317/334 335/1318/334 334/1319/334 342/1320/334
f 344/1321/335 336/1322/335 335/1323/335 343/1324/335
f 337/1325/336 329/1326/336 336/1327/336 344/1328/336
f 346/1329/337 338/1330/337 337/1331/337 345/1332/337
f 347/1333/338 339/1334/338 338/1335/338 346/1336/338
f 348/1337/339 340/1338/339 339/1339/339 347/1340/339
f 349/1341/340 341/1342/340 340/1343/340 348/1344/340
f 350/1345/341 342/1346/341 341/1347/341 349/1348/341
f 351/1349/342 343/1350/342 342/1351/342 350/1352/342
f 352/1353/343 344/1354/343 343/1355/343 351/1356/343
f 345/1357/344 337/1358/344 344/1359/344 352/1360/344
f 258/1361/345 346/1362/345 345/1363/345 257/1364/345
f 259/1365/346 347/1366/346 346/1367/346 258/1368/346
f 260/1369/347 348/1370/347 347/1371/347 259/1372/347
f 261/1373/348 349/1374/348 348/1375/348 260/1376/348
f 262/1377/349 350/1378/349 349/1379/349 261/1380/349
f 263/1381/350 351/1382/350 350/1383/350 262/1384/350
f 264/1385/351 352/1386/351 351/1387/351 263/1388/351
f 257/1389/352 345/1390/352 352/1391/352 264/1392/352
o torus_outline
v -0.015239828230692393 0.7689632082415665 0.7499999999999998
v -0.08753666401551523 0.7540159977209597 0.901343277264247
v -0.1850983600632289 0.685098360063229 0.9769337567297406
v -0.25401599772095973 0.5875366640155153 0.9013432772642471
v -0.2689632082415665 0.5152398282306925 0.7499999999999998
v -0.1966663724567437 0.5301870387512992 0.5986567227357527
v -0.09910467640903001 0.59910467640903 0.5230662432702593
v -0.03018703875129919 0.6966663724567437 0.5986567227357527
v -0.261366877648344 1.0150902576592182 0.5490381056766579
v -0.3839348390666101 1.0478728950189193 0.6588875675339493
v -0.50296337909689 1.0029633790968902 0.7112976320958224
v -0.5478728950189193 0.8839348390666103 0.6588875675339494
v -0.5150902576592181 0.7613668776483441 0.5490381056766579
v -0.3925222962409519 0.7285842402886429 0.43918864381936656
v -0.2734937562106721 0.7734937562106722 0.3867785792574935
v -0.2285842402886427 0.8925222962409518 0.4391886438193665
v -0.4034683958844735 1.1571917758953476 0.20096189432334197
v -0.5541062766777333 1.2205856103831778 0.2415142032461765
v -0.6907964841536485 1.1907964841536485 0.26176861117443684
v -0.7205856103831778 1.0541062766777336 0.24151420324617656
v -0.6571917758953475 0.9034683958844735 0.20096189432334197
v -0.5065538951020877 0.8400745613966433 0.16040958540050748
v -0.3698636876261727 0.8698636876261727 0.14015517747224715
v -0.34007456139664327 1.0065538951020878 0.16040958540050743
v -0.4034683958844735 1.1571917758953476 -0.20096189432334208
v -0.5541062766777333 1.2205856103831778 -0.24151420324617662
v -0.6907964841536485 1.1907964841536485 -0.26176861117443695
v -0.7205856103831778 1.0541062766777336 -0.24151420324617665
v -0.6571917758953475 0.9034683958844735 -0.20096189432334208
v -0.5065538951020877 0.8400745613966433 -0.1604095854005075
v -0.36986368762617267 0.8698636876261727 -0.1401551774722472
v -0.34007456139664327 1.0065538951020878 -0.1604095854005075
v -0.261366877648344 1.0150902576592182 -0.5490381056766579
v -0.3839348390666102 1.0478728950189193 -0.6588875675339491
v -0.50296337909689 1.0029633790968902 -0.7112976320958224
v -0.5478728950189194 0.8839348390666104 -0.6588875675339493
v -0.5150902576592181 0.7613668776483441 -0.5490381056766579
v -0.3925222962409519 0.7285842402886429 -0.4391886438193665
v -0.2734937562106721 0.7734937562106722 -0.3867785792574935
v -0.2285842402886428 0.8925222962409519 -0.4391886438193664
v -0.015239828230692587 0.7689632082415667 -0.7499999999999998
v -0.08753666401551542 0.75401599772096 -0.9013432772642469
v -0.18509836006322905 0.6850983600632291 -0.9769337567297405
v -0.25401599772095995 0.5875366640155155 -0.901343277264247
v -0.26896320824156666 0.5152398282306927 -0.7499999999999998
v -0.1966663724567438 0.5301870387512992 -0.5986567227357528
v -0.09910467640903012 0.5991046764090301 -0.5230662432702593
v -0.0301870387512993 0.6966663724567437 -0.5986567227357527
v 0.2689632082415663 0.48476017176930775 -0.75
v 0.25401599772095945 0.41246333598448504 -0.901343277264247
v 0.1850983600632287 0.31490163993677134 -0.9769337567297407
v 0.08753666401551499 0.2459840022790405 -0.9013432772642471
v 0.015239828230692198 0.23103679175843372 -0.75
v 0.03018703875129901 0.3033336275432565 -0.5986567227357527
v 0.09910467640902981 0.40089532359097013 -0.5230662432702593
v 0.1966663724567435 0.4698129612487009 -0.5986567227357527
v 0.5150902576592181 0.2386331223516559 -0.5490381056766581
v 0.5478728950189192 0.11606516093338987 -0.6588875675339494
v 0.50296337909689 -0.0029633790968901508 -0.7112976320958225
v 0.3839348390666102 -0.04787289501891945 -0.6588875675339495
v 0.261366877648344 -0.01509025765921812 -0.5490381056766581
v 0.22858424028864277 0.10747770375904803 -0.4391886438193667
v 0.2734937562106721 0.22650624378932782 -0.3867785792574935
v 0.3925222962409518 0.27141575971135723 -0.43918864381936656
v 0.6571917758953475 0.09653160411552653 -0.20096189432334188
v 0.7205856103831777 -0.05410627667773338 -0.2415142032461764
v 0.6907964841536485 -0.19079648415364858 -0.2617686111744367
v 0.5541062766777334 -0.22058561038317792 -0.24151420324617642
v 0.4034683958844735 -0.1571917758953475 -0.20096189432334188
v 0.3400745613966432 -0.0065538951020878145 -0.1604095854005074
v 0.3698636876261727 0.13013631237382722 -0.14015517747224707
v 0.5065538951020877 0.15992543860335667 -0.16040958540050737
v 0.6571917758953476 0.0965316041155263 0.20096189432334166
v 0.7205856103831777 -0.05410627667773338 0.24151420324617606
v 0.6907964841536485 -0.19079648415364858 0.2617686111744364
v 0.5541062766777334 -0.22058561038317792 0.24151420324617612
v 0.4034683958844736 -0.15719177589534772 0.20096189432334166
v 0.3400745613966432 -0.0065538951020878145 0.16040958540050715
v 0.36986368762617267 0.13013631237382728 0.14015517747224687
v 0.5065538951020877 0.15992543860335667 0.16040958540050715
v 0.5150902576592182 0.23863312235165574 0.5490381056766578
v 0.5478728950189194 0.11606516093338964 0.6588875675339491
v 0.5029633790968902 -0.0029633790968901508 0.7112976320958223
v 0.38393483906661036 -0.04787289501891956 0.6588875675339491
v 0.2613668776483442 -0.015090257659218231 0.5490381056766578
v 0.22858424028864288 0.10747770375904792 0.4391886438193664
v 0.2734937562106721 0.22650624378932782 0.3867785792574933
v 0.3925222962409519 0.2714157597113571 0.43918864381936634
v 0.2689632082415665 0.4847601717693076 0.7499999999999998
v 0.2540159977209597 0.4124633359844848 0.901343277264247
v 0.1850983600632289 0.3149016399367711 0.9769337567297406
v 0.08753666401551524 0.24598400227904027 0.9013432772642471
v 0.015239828230692393 0.23103679175843356 0.7499999999999998
v 0.03018703875129912 0.3033336275432563 0.5986567227357528
v 0.09910467640902992 0.40089532359097 0.5230662432702594
v 0.19666637245674362 0.4698129612487008 0.5986567227357527
vt 0.7365375000000001 -0.7191909751760992
vt 0.7010125 -0.8570847251760991
vt 0.2869135714768949 -0.6285515152896224
vt 0.38464424592388824 -0.5249878769497189
vt 0.5135125 -2.1904785461422844
vt 0.4988 -2.297197296142284
vt 0.015141069154259723 -2.161256873113829
vt 0.058180925922046156 -2.0625
vt 0.4988 -3.3278027038577163
vt 0.5135125 -3.434521453857716
vt 0.058180925922046045 -3.5625
vt 0.015141069154259612 -3.463743126886171
vt 3.4510125 0.9820847251760969
vt 3.4865375 0.844190975176097
vt 3.134644245923888 0.6499878769497169
vt 3.036913571476895 0.7535515152896204
vt 3.4865375 0.8441909751760969
vt 3.5220625 0.7062972251760969
vt 3.2323749203708814 0.5464242386098135
vt 3.134644245923888 0.6499878769497168
vt 5.4779374999999995 -1.1875
vt 5.46321875 -1.0807812500000002
vt 5.753402324544268 -0.9991843170247878
vt 5.796459549271688 -1.0979345504518405
vt 0.65071875 -4.29421875
vt 0.6654375 -4.1875
vt 0.9839595492716886 -4.277065449548159
vt 0.940902324544268 -4.375815682975212
vt 0.7720625 -0.581297225176099
vt 0.7365375 -0.719190975176099
vt 0.38464424592388813 -0.5249878769497189
vt 0.4823749203708815 -0.4214242386098155
vt 0.38464424592388824 -0.5249878769497189
vt 0.2869135714768949 -0.6285515152896224
vt 0.034785034909492585 -0.22838086210103592
vt 0.17039029579998488 -0.1849306016543597
vt 4.754319074077954 -1.25
vt 4.79735893084574 -1.348756873113829
vt 4.3137 -1.4846972961422842
vt 4.2989875 -1.3779785461422844
vt 5.984858930845741 0.8487568731138291
vt 5.941819074077953 0.75
vt 5.4864875 0.8779785461422842
vt 5.5012 0.9846972961422842
vt 3.036913571476895 0.7535515152896204
vt 3.134644245923888 0.6499878769497169
vt 2.9203902957999843 0.30993060165435793
vt 2.784785034909492 0.35338086210103437
vt 3.134644245923888 0.6499878769497168
vt 3.2323749203708814 0.5464242386098134
vt 3.0559955566904766 0.26648034120768127
vt 2.9203902957999843 0.3099306016543577
vt 4.828540450728311 -3.97293455045184
vt 4.871597675455732 -3.8741843170247883
vt 5.16178125 -3.9557812500000002
vt 5.1470625 -4.0625
vt 5.309097675455732 0.18668431702478783
vt 5.266040450728312 0.2854345504518405
vt 5.5845625 0.375
vt 5.59928125 0.26828125
vt 0.4823749203708814 -0.4214242386098155
vt 0.38464424592388813 -0.5249878769497189
vt 0.17039029579998466 -0.18493060165435948
vt 0.30599555669047707 -0.14148034120768327
vt 0.17039029579998477 -0.1849306016543597
vt 0.034785034909492474 -0.22838086210103592
vt 0.007396963727920203 0.24380050578841517
vt 0.14711644303894367 0.2163199851397999
vt 4.2989875 -1.3779785461422844
vt 4.3137 -1.4846972961422842
vt 3.8113 -1.4846972961422842
vt 3.8260125 -1.3779785461422844
vt 5.5012 0.9846972961422842
vt 5.4864875 0.8779785461422842
vt 5.0135125 0.8779785461422842
vt 4.9988 0.9846972961422842
vt 2.784785034909492 0.35338086210103437
vt 2.9203902957999843 0.30993060165435793
vt 2.897116443038943 -0.09131998513980144
vt 2.757396963727919 -0.11880050578841672
vt 2.9203902957999843 0.3099306016543578
vt 3.0559955566904766 0.26648034120768127
vt 3.0368359223499657 -0.06383946449118683
vt 2.897116443038942 -0.09131998513980166
vt 5.1470625 -4.0625
vt 5.16178125 -3.9557812500000002
vt 5.46321875 -3.9557812500000002
vt 5.4779374999999995 -4.0625
vt 5.59928125 0.26828125
vt 5.5845625 0.375
vt 5.9154375 0.375
vt 5.90071875 0.26828125
vt 0.30599555669047707 -0.14148034120768327
vt 0.17039029579998477 -0.18493060165435948
vt 0.14711644303894322 0.2163199851398
vt 0.2868359223499668 0.18883946449118483
vt 0.14711644303894356 0.2163199851397999
vt 0.007396963727920092 0.24380050578841506
vt 0.2115679087498763 0.6704380285566793
vt 0.32061696014439256 0.5788682939058755
vt 3.8260125 -1.3779785461422844
vt 3.8113 -1.4846972961422842
vt 3.32764106915426 -1.348756873113829
vt 3.3706809259220463 -1.25
vt 4.9988 0.9846972961422842
vt 5.0135125 0.8779785461422842
vt 4.558180925922046 0.75
vt 4.51514106915426 0.8487568731138291
vt 2.757396963727919 -0.11880050578841672
vt 2.897116443038943 -0.09131998513980144
vt 3.070616960144392 -0.4538682939058769
vt 2.9615679087498754 -0.5454380285566809
vt 2.897116443038942 -0.09131998513980166
vt 3.0368359223499657 -0.06383946449118683
vt 3.179666011538907 -0.36229855925507426
vt 3.07061696014439 -0.4538682939058778
vt 5.4779374999999995 -4.0625
vt 5.46321875 -3.9557812500000002
vt 5.753402324544268 -3.8741843170247883
vt 5.796459549271688 -3.97293455045184
vt 5.90071875 0.26828125
vt 5.9154375 0.375
vt 6.233959549271688 0.2854345504518405
vt 6.190902324544268 0.18668431702478783
vt 0.2868359223499668 0.18883946449118483
vt 0.14711644303894333 0.2163199851398
vt 0.3206169601443921 0.5788682939058758
vt 0.4296660115389084 0.48729855925507204
vt 0.32061696014439267 0.5788682939058754
vt 0.2115679087498763 0.6704380285566792
vt 0.5964673476322442 0.9453157696945136
vt 0.647697053115048 0.8124540777355155
vt 4.691819074077954 -0.9375
vt 4.73485893084574 -1.036256873113829
vt 4.2512 -1.1721972961422842
vt 4.2364875 -1.0654785461422844
vt 5.797358930845741 -0.7762431268861709
vt 5.754319074077953 -0.875
vt 5.2989875 -0.7470214538577158
vt 5.3137 -0.6403027038577158
vt 2.9615679087498754 -0.5454380285566809
vt 3.070616960144392 -0.4538682939058769
vt 3.3976970531150474 -0.6874540777355165
vt 3.3464673476322435 -0.8203157696945147
vt 3.07061696014439 -0.4538682939058778
vt 3.179666011538907 -0.36229855925507426
vt 3.448926758597849 -0.5545923857765209
vt 3.3976970531150448 -0.6874540777355187
vt 4.828540450728311 -3.28543455045184
vt 4.871597675455732 -3.1866843170247883
vt 5.16178125 -3.2682812500000002
vt 5.1470625 -3.375
vt 1.121597675455732 -4.375815682975212
vt 1.0785404507283114 -4.277065449548159
vt 1.3970625 -4.1875
vt 1.41178125 -4.29421875
vt 0.4296660115389084 0.48729855925507204
vt 0.3206169601443921 0.5788682939058758
vt 0.6476970531150475 0.8124540777355159
vt 0.6989267585978512 0.6795923857765179
vt 0.6476970531150479 0.8124540777355156
vt 0.5964673476322442 0.9453157696945135
vt 1.066270482552496 1
vt 1.0469266635655416 0.8589236781700684
vt 4.2364875 -1.0654785461422844
vt 4.2512 -1.1721972961422842
vt 3.7488 -1.1721972961422842
vt 3.7635125 -1.0654785461422844
vt 5.3137 -0.6403027038577158
vt 5.2989875 -0.7470214538577158
vt 4.8260125 -0.7470214538577158
vt 4.8113 -0.6403027038577158
vt 3.3464673476322435 -0.8203157696945147
vt 3.3976970531150474 -0.6874540777355165
vt 3.796926663565541 -0.7339236781700684
vt 3.816270482552496 -0.875
vt 3.3976970531150448 -0.6874540777355187
vt 3.448926758597849 -0.5545923857765209
vt 3.7775828445785846 -0.5928473563401409
vt 3.7969266635655385 -0.7339236781700724
vt 5.1470625 -3.375
vt 5.16178125 -3.2682812500000002
vt 5.46321875 -3.2682812500000002
vt 5.4779374999999995 -3.375
vt 1.41178125 -4.29421875
vt 1.3970625 -4.1875
vt 1.7279375 -4.1875
vt 1.71321875 -4.29421875
vt 0.6989267585978514 0.6795923857765179
vt 0.6476970531150475 0.8124540777355159
vt 1.0469266635655412 0.8589236781700685
vt 1.0275828445785868 0.7178473563401371
vt 1.2273029468849521 0.8124540777355155
vt 1.2785326523677558 0.9453157696945136
vt 1.6634320912501237 0.6704380285566792
vt 1.5543830398556073 0.5788682939058754
vt 3.7635125 -1.0654785461422844
vt 3.7488 -1.1721972961422842
vt 3.26514106915426 -1.036256873113829
vt 3.3081809259220463 -0.9375
vt 4.8113 -0.6403027038577158
vt 4.8260125 -0.7470214538577158
vt 4.370680925922046 -0.875
vt 4.32764106915426 -0.7762431268861709
vt 4.0285326523677565 -0.8203157696945147
vt 3.9773029468849526 -0.6874540777355165
vt 4.304383039855608 -0.4538682939058769
vt 4.413432091250124 -0.5454380285566809
vt 3.9773029468849543 -0.6874540777355187
vt 3.9260732414021504 -0.5545923857765209
vt 4.195333988461092 -0.36229855925507426
vt 4.304383039855609 -0.4538682939058778
vt 5.4779374999999995 -3.375
vt 5.46321875 -3.2682812500000002
vt 5.753402324544268 -3.1866843170247883
vt 5.796459549271688 -3.28543455045184
vt 1.71321875 -4.29421875
vt 1.7279375 -4.1875
vt 2.0464595492716886 -4.277065449548159
vt 2.0034023245442683 -4.375815682975212
vt 1.1760732414021493 0.6795923857765183
vt 1.227302946884953 0.8124540777355161
vt 1.5543830398556082 0.5788682939058758
vt 1.4453339884610918 0.48729855925507204
vt 1.5543830398556073 0.5788682939058755
vt 1.6634320912501237 0.6704380285566793
vt 1.86760303627208 0.24380050578841506
vt 1.7278835569610564 0.2163199851397999
vt 1.441819074077954 -2.375
vt 1.4848589308457403 -2.473756873113829
vt 1.0011999999999999 -2.609697296142284
vt 0.9864875 -2.5029785461422844
vt 3.0473589308457405 -3.588743126886171
vt 3.0043190740779537 -3.6875
vt 2.5489875 -3.559521453857716
vt 2.5637 -3.4528027038577163
vt 4.413432091250124 -0.5454380285566809
vt 4.304383039855608 -0.4538682939058769
vt 4.477883556961057 -0.09131998513980144
vt 4.617603036272081 -0.11880050578841672
vt 4.304383039855609 -0.4538682939058778
vt 4.195333988461092 -0.36229855925507426
vt 4.338164077650035 -0.06383946449118683
vt 4.477883556961057 -0.09131998513980188
vt 0.6410404507283114 -4.03543455045184
vt 0.684097675455732 -3.9366843170247883
vt 0.97428125 -4.01828125
vt 0.9595625000000001 -4.125
vt 5.246597675455732 -3.1258156829752117
vt 5.203540450728312 -3.027065449548159
vt 5.5220625 -2.9375
vt 5.53678125 -3.0442187499999998
vt 1.4453339884610918 0.48729855925507204
vt 1.5543830398556082 0.5788682939058758
vt 1.7278835569610569 0.2163199851397999
vt 1.5881640776500334 0.18883946449118483
vt 1.7278835569610562 0.2163199851397999
vt 1.86760303627208 0.24380050578841517
vt 1.8402149650905075 -0.22838086210103592
vt 1.7046097042000152 -0.1849306016543597
vt 0.9864875 -2.5029785461422844
vt 1.0011999999999999 -2.609697296142284
vt 0.4988 -2.609697296142284
vt 0.5135125 -2.5029785461422844
vt 2.5637 -3.4528027038577163
vt 2.5489875 -3.559521453857716
vt 2.0760125 -3.559521453857716
vt 2.0613 -3.4528027038577163
vt 4.617603036272081 -0.11880050578841672
vt 4.477883556961057 -0.09131998513980144
vt 4.454609704200015 0.30993060165435793
vt 4.590214965090508 0.35338086210103437
vt 4.477883556961057 -0.09131998513980188
vt 4.338164077650035 -0.06383946449118683
vt 4.319004443309524 0.26648034120768127
vt 4.454609704200015 0.3099306016543577
vt 0.9595625000000001 -4.125
vt 0.97428125 -4.01828125
vt 1.27571875 -4.01828125
vt 1.2904375 -4.125
vt 5.53678125 -3.0442187499999998
vt 5.5220625 -2.9375
vt 5.8529375 -2.9375
vt 5.83821875 -3.0442187499999998
vt 1.5881640776500334 0.18883946449118483
vt 1.727883556961057 0.2163199851397999
vt 1.7046097042000152 -0.1849306016543597
vt 1.569004443309523 -0.14148034120768327
vt 1.7046097042000152 -0.1849306016543597
vt 1.8402149650905075 -0.22838086210103592
vt 1.588086428523105 -0.6285515152896224
vt 1.4903557540761119 -0.5249878769497189
vt 0.5135125 -2.5029785461422844
vt 0.4988 -2.609697296142284
vt 0.015141069154259723 -2.473756873113829
vt 0.058180925922046156 -2.375
vt 2.0613 -3.4528027038577163
vt 2.0760125 -3.559521453857716
vt 1.620680925922046 -3.6875
vt 1.5776410691542595 -3.588743126886171
vt 4.590214965090508 0.35338086210103437
vt 4.454609704200015 0.30993060165435793
vt 4.240355754076112 0.6499878769497169
vt 4.3380864285231056 0.7535515152896204
vt 4.454609704200016 0.3099306016543577
vt 4.319004443309524 0.26648034120768127
vt 4.142625079629118 0.5464242386098134
vt 4.240355754076112 0.6499878769497168
vt 1.2904375 -4.125
vt 1.27571875 -4.01828125
vt 1.565902324544268 -3.9366843170247883
vt 1.6089595492716886 -4.03543455045184
vt 5.83821875 -3.0442187499999998
vt 5.8529375 -2.9375
vt 6.171459549271688 -3.027065449548159
vt 6.128402324544268 -3.1258156829752117
vt 1.569004443309523 -0.14148034120768327
vt 1.7046097042000152 -0.1849306016543597
vt 1.4903557540761119 -0.5249878769497189
vt 1.3926250796291186 -0.4214242386098155
vt 1.4903557540761119 -0.5249878769497189
vt 1.588086428523105 -0.6285515152896224
vt 1.1739875 -0.8570847251760991
vt 1.1384625 -0.7191909751760992
vt 1.441819074077954 -2.0625
vt 1.4848589308457403 -2.161256873113829
vt 1.0011999999999999 -2.297197296142284
vt 0.9864875 -2.1904785461422844
vt 1.4848589308457405 -3.463743126886171
vt 1.4418190740779537 -3.5625
vt 0.9864875 -3.434521453857716
vt 1.0011999999999999 -3.3278027038577163
vt 4.3380864285231056 0.7535515152896204
vt 4.240355754076112 0.6499878769497169
vt 3.8884625 0.844190975176097
vt 3.9239875 0.9820847251760969
vt 4.240355754076112 0.6499878769497168
vt 4.142625079629118 0.5464242386098135
vt 3.8529375 0.7062972251760969
vt 3.8884625 0.8441909751760969
vt 4.828540450728311 -1.0979345504518405
vt 4.871597675455732 -0.9991843170247878
vt 5.16178125 -1.0807812500000002
vt 5.1470625 -1.1875
vt 0.05909767545573197 -4.375815682975212
vt 0.016040450728311395 -4.277065449548159
vt 0.3345625 -4.1875
vt 0.34928125 -4.29421875
vt 1.3926250796291184 -0.4214242386098155
vt 1.4903557540761119 -0.5249878769497189
vt 1.1384625 -0.719190975176099
vt 1.1029375 -0.581297225176099
vt 1.1384625 -0.7191909751760992
vt 1.1739875 -0.8570847251760991
vt 0.7010125 -0.8570847251760991
vt 0.7365375000000001 -0.7191909751760992
vt 0.9864875 -2.1904785461422844
vt 1.0011999999999999 -2.297197296142284
vt 0.4988 -2.297197296142284
vt 0.5135125 -2.1904785461422844
vt 1.0011999999999999 -3.3278027038577163
vt 0.9864875 -3.434521453857716
vt 0.5135125 -3.434521453857716
vt 0.4988 -3.3278027038577163
vt 3.9239875 0.9820847251760969
vt 3.8884625 0.844190975176097
vt 3.4865375 0.844190975176097
vt 3.4510125 0.9820847251760969
vt 3.8884625 0.8441909751760969
vt 3.8529375 0.7062972251760969
vt 3.5220625 0.7062972251760969
vt 3.4865375 0.8441909751760969
vt 5.1470625 -1.1875
vt 5.16178125 -1.0807812500000002
vt 5.46321875 -1.0807812500000002
vt 5.4779374999999995 -1.1875
vt 0.34928125 -4.29421875
vt 0.3345625 -4.1875
vt 0.6654375 -4.1875
vt 0.65071875 -4.29421875
vt 1.1029375 -0.581297225176099
vt 1.1384625 -0.719190975176099
vt 0.7365375 -0.7191909751760992
vt 0.7720624999999999 -0.5812972251760993
vn -0.5179521520310921 -0.791038192958148 -0.32555206263801834
vn -0.07837563641964335 -0.6842608852173999 -0.7250133106207887
vn 0.6819156833562007 0.08147746782957584 -0.7268785476466659
vn 0.7882519290675892 0.5213422066705863 -0.3268963136302822
vn 0.5264131327763046 0.7840360174162093 0.3289023214189376
vn 0.09599610801007302 0.6707542304740007 0.7354410306395406
vn -0.6760101996108733 -0.08920850246167984 0.7314725238247927
vn -0.7882519290675893 -0.521342206670586 0.3268963136302828
vn -0.41510708892212045 -0.887924251785259 -0.1981833187182792
vn 0.14529038580096443 -0.8898395860599748 -0.432523080163845
vn 0.8912405100660543 -0.1474117227727916 -0.42890574396521824
vn 0.8898303893646833 0.4126074721048667 -0.19482544014149752
vn 0.4088320320545661 0.892661457963097 0.18976799264716013
vn -0.15716138142417801 0.8974781774414744 0.4121082639370066
vn -0.8945505743938378 0.15252079481207897 0.420138878231409
vn -0.8898303893646833 -0.4126074721048665 0.19482544014149755
vn -0.38788734547208464 -0.921706790266091 -2.197435687994107e-17
vn 0.2129337709099366 -0.9770666349876425 2.368478636664029e-17
vn 0.9770666349876422 -0.21293377090993754 -2.567109325176641e-17
vn 0.9217067902660911 0.3878873454720846 0
vn 0.3878873454720845 0.9217067902660911 0
vn -0.21293377090993876 0.977066634987642 -3.096534585081915e-16
vn -0.9770666349876419 0.21293377090993876 0
vn -0.9217067902660911 -0.387887345472084 0
vn -0.4242951013740097 -0.8846952436152306 0.1931009913869084
vn 0.1313435675719467 -0.8939800892089901 0.4284255680457923
vn 0.8956773257328748 -0.13228417454709826 0.4245739338824262
vn 0.8859476679819448 0.4236464677562307 0.1887336746715397
vn 0.42265551327292894 0.8877936369195851 -0.1821668887177163
vn -0.1366601706860056 0.9034105091700795 -0.4064153659362915
vn -0.8998385328844258 0.13461983081187265 -0.4149314592659697
vn -0.885947667981945 -0.4236464677562302 -0.18873367467154004
vn -0.5113789017699396 -0.7916524389374396 0.33433222212190966
vn -0.06643459712595766 -0.6781146031330526 0.7319474225123102
vn 0.6751965536942983 0.06863223359896437 0.7344380371348966
vn 0.7889813206064817 0.5134565408630681 0.33744756093204276
vn 0.5165605105558656 0.7849329794617972 -0.3421190679975164
vn 0.07875384999577528 0.661562946021521 -0.745742783781492
vn -0.668097939628418 -0.07393183995334068 -0.7403912655517867
vn -0.7889813206064817 -0.5134565408630681 -0.33744756093204287
vn -0.6547970678690876 -0.6547970678690878 0.3774673493430799
vn -0.38206643203885265 -0.382066432038853 0.841457356624922
vn 0.3820664320388526 0.3820664320388522 0.8414573566249227
vn 0.6547970678690879 0.6547970678690875 0.37746734934307985
vn 0.6547970678690878 0.6547970678690874 -0.3774673493430803
vn 0.3820664320388525 0.38206643203885243 -0.8414573566249227
vn -0.3820664320388521 -0.38206643203885204 -0.841457356624923
vn -0.6547970678690879 -0.6547970678690875 -0.37746734934308024
vn -0.7910381929581479 -0.5179521520310918 0.32555206263801895
vn -0.6842608852174001 -0.0783756364196439 0.7250133106207886
vn 0.08147746782957693 0.6819156833562006 0.7268785476466658
vn 0.5213422066705862 0.7882519290675892 0.3268963136302828
vn 0.7840360174162093 0.526413132776305 -0.3289023214189373
vn 0.6707542304740005 0.09599610801007324 -0.7354410306395407
vn -0.0892085024616801 -0.6760101996108732 -0.7314725238247927
vn -0.5213422066705864 -0.7882519290675892 -0.3268963136302826
vn -0.8879242517852591 -0.41510708892212 0.19818331871827918
vn -0.8898395860599747 0.1452903858009646 0.4325230801638448
vn -0.14741172277279158 0.8912405100660543 0.42890574396521797
vn 0.4126074721048666 0.8898303893646832 0.19482544014149744
vn 0.8926614579630969 0.408832032054566 -0.18976799264715993
vn 0.8974781774414744 -0.1571613814241779 -0.41210826393700645
vn 0.15252079481207864 -0.8945505743938378 -0.4201388782314089
vn -0.4126074721048668 -0.8898303893646832 -0.19482544014149733
vn -0.921706790266091 -0.38788734547208464 0
vn -0.9770666349876422 0.21293377090993693 0
vn -0.2129337709099376 0.9770666349876422 0
vn 0.3878873454720848 0.9217067902660909 2.1126868102336267e-16
vn 0.9217067902660911 0.38788734547208426 0
vn 0.977066634987642 -0.21293377090993892 3.538896668665052e-16
vn 0.21293377090993865 -0.977066634987642 3.8650643087685867e-17
vn -0.3878873454720842 -0.9217067902660911 -2.112686810233629e-16
vn -0.8846952436152309 -0.42429510137400894 -0.19310099138690848
vn -0.8939800892089902 0.13134356757194698 -0.4284255680457919
vn -0.13228417454709804 0.8956773257328751 -0.42457393388242587
vn 0.42364646775623027 0.8859476679819451 -0.18873367467153987
vn 0.8877936369195852 0.42265551327292905 0.1821668887177159
vn 0.9034105091700795 -0.136660170686006 0.40641536593629124
vn 0.13461983081187273 -0.8998385328844261 0.41493145926596914
vn -0.4236464677562307 -0.8859476679819449 0.1887336746715397
vn -0.7916524389374396 -0.5113789017699395 -0.33433222212190966
vn -0.6781146031330524 -0.06643459712595719 -0.7319474225123105
vn 0.06863223359896486 0.6751965536942985 -0.7344380371348963
vn 0.5134565408630681 0.7889813206064816 -0.3374475609320432
vn 0.7849329794617974 0.5165605105558656 0.3421190679975163
vn 0.6615629460215215 0.07875384999577545 0.7457427837814915
vn -0.07393183995334159 -0.6680979396284182 0.7403912655517865
vn -0.5134565408630684 -0.7889813206064816 0.3374475609320428
vn -0.6547970678690879 -0.6547970678690878 -0.3774673493430797
vn -0.38206643203885277 -0.3820664320388527 -0.8414573566249222
vn 0.3820664320388523 0.38206643203885227 -0.8414573566249227
vn 0.6547970678690879 0.6547970678690878 -0.3774673493430797
vn 0.6547970678690875 0.6547970678690878 0.37746734934308024
vn 0.3820664320388519 0.3820664320388521 0.841457356624923
vn -0.3820664320388516 -0.38206643203885154 0.8414573566249234
vn -0.6547970678690876 -0.6547970678690876 0.3774673493430802
usemtl m_d10b73ca-f02d-6165-f9b9-67396e81041d
f 353/1393/353 354/1394/353 362/1395/353 361/1396/353
f 354/1397/354 355/1398/354 363/1399/354 362/1400/354
f 355/1401/355 356/1402/355 364/1403/355 363/1404/355
f 356/1405/356 357/1406/356 365/1407/356 364/1408/356
f 357/1409/357 358/1410/357 366/1411/357 365/1412/357
f 358/1413/358 359/1414/358 367/1415/358 366/1416/358
f 359/1417/359 360/1418/359 368/1419/359 367/1420/359
f 360/1421/360 353/1422/360 361/1423/360 368/1424/360
f 361/1425/361 362/1426/361 370/1427/361 369/1428/361
f 362/1429/362 363/1430/362 371/1431/362 370/1432/362
f 363/1433/363 364/1434/363 372/1435/363 371/1436/363
f 364/1437/364 365/1438/364 373/1439/364 372/1440/364
f 365/1441/365 366/1442/365 374/1443/365 373/1444/365
f 366/1445/366 367/1446/366 375/1447/366 374/1448/366
f 367/1449/367 368/1450/367 376/1451/367 375/1452/367
f 368/1453/368 361/1454/368 369/1455/368 376/1456/368
f 369/1457/369 370/1458/369 378/1459/369 377/1460/369
f 370/1461/370 371/1462/370 379/1463/370 378/1464/370
f 371/1465/371 372/1466/371 380/1467/371 379/1468/371
f 372/1469/372 373/1470/372 381/1471/372 380/1472/372
f 373/1473/373 374/1474/373 382/1475/373 381/1476/373
f 374/1477/374 375/1478/374 383/1479/374 382/1480/374
f 375/1481/375 376/1482/375 384/1483/375 383/1484/375
f 376/1485/376 369/1486/376 377/1487/376 384/1488/376
f 377/1489/377 378/1490/377 386/1491/377 385/1492/377
f 378/1493/378 379/1494/378 387/1495/378 386/1496/378
f 379/1497/379 380/1498/379 388/1499/379 387/1500/379
f 380/1501/380 381/1502/380 389/1503/380 388/1504/380
f 381/1505/381 382/1506/381 390/1507/381 389/1508/381
f 382/1509/382 383/1510/382 391/1511/382 390/1512/382
f 383/1513/383 384/1514/383 392/1515/383 391/1516/383
f 384/1517/384 377/1518/384 385/1519/384 392/1520/384
f 385/1521/385 386/1522/385 394/1523/385 393/1524/385
f 386/1525/386 387/1526/386 395/1527/386 394/1528/386
f 387/1529/387 388/1530/387 396/1531/387 395/1532/387
f 388/1533/388 389/1534/388 397/1535/388 396/1536/388
f 389/1537/389 390/1538/389 398/1539/389 397/1540/389
f 390/1541/390 391/1542/390 399/1543/390 398/1544/390
f 391/1545/391 392/1546/391 400/1547/391 399/1548/391
f 392/1549/392 385/1550/392 393/1551/392 400/1552/392
f 393/1553/393 394/1554/393 402/1555/393 401/1556/393
f 394/1557/394 395/1558/394 403/1559/394 402/1560/394
f 395/1561/395 396/1562/395 404/1563/395 403/1564/395
f 396/1565/396 397/1566/396 405/1567/396 404/1568/396
f 397/1569/397 398/1570/397 406/1571/397 405/1572/397
f 398/1573/398 399/1574/398 407/1575/398 406/1576/398
f 399/1577/399 400/1578/399 408/1579/399 407/1580/399
f 400/1581/400 393/1582/400 401/1583/400 408/1584/400
f 401/1585/401 402/1586/401 410/1587/401 409/1588/401
f 402/1589/402 403/1590/402 411/1591/402 410/1592/402
f 403/1593/403 404/1594/403 412/1595/403 411/1596/403
f 404/1597/404 405/1598/404 413/1599/404 412/1600/404
f 405/1601/405 406/1602/405 414/1603/405 413/1604/405
f 406/1605/406 407/1606/406 415/1607/406 414/1608/406
f 407/1609/407 408/1610/407 416/1611/407 415/1612/407
f 408/1613/408 401/1614/408 409/1615/408 416/1616/408
f 409/1617/409 410/1618/409 418/1619/409 417/1620/409
f 410/1621/410 411/1622/410 419/1623/410 418/1624/410
f 411/1625/411 412/1626/411 420/1627/411 419/1628/411
f 412/1629/412 413/1630/412 421/1631/412 420/1632/412
f 413/1633/413 414/1634/413 422/1635/413 421/1636/413
f 414/1637/414 415/1638/414 423/1639/414 422/1640/414
f 415/1641/415 416/1642/415 424/1643/415 423/1644/415
f 416/1645/416 409/1646/416 417/1647/416 424/1648/416
f 417/1649/417 418/1650/417 426/1651/417 425/1652/417
f 418/1653/418 419/1654/418 427/1655/418 426/1656/418
f 419/1657/419 420/1658/419 428/1659/419 427/1660/419
f 420/1661/420 421/1662/420 429/1663/420 428/1664/420
f 421/1665/421 422/1666/421 430/1667/421 429/1668/421
f 422/1669/422 423/1670/422 431/1671/422 430/1672/422
f 423/1673/423 424/1674/423 432/1675/423 431/1676/423
f 424/1677/424 417/1678/424 425/1679/424 432/1680/424
f 425/1681/425 426/1682/425 434/1683/425 433/1684/425
f 426/1685/426 427/1686/426 435/1687/426 434/1688/426
f 427/1689/427 428/1690/427 436/1691/427 435/1692/427
f 428/1693/428 429/1694/428 437/1695/428 436/1696/428
f 429/1697/429 430/1698/429 438/1699/429 437/1700/429
f 430/1701/430 431/1702/430 439/1703/430 438/1704/430
f 431/1705/431 432/1706/431 440/1707/431 439/1708/431
f 432/1709/432 425/1710/432 433/1711/432 440/1712/432
f 433/1713/433 434/1714/433 442/1715/433 441/1716/433
f 434/1717/434 435/1718/434 443/1719/434 442/1720/434
f 435/1721/435 436/1722/435 444/1723/435 443/1724/435
f 436/1725/436 437/1726/436 445/1727/436 444/1728/436
f 437/1729/437 438/1730/437 446/1731/437 445/1732/437
f 438/1733/438 439/1734/438 447/1735/438 446/1736/438
f 439/1737/439 440/1738/439 448/1739/439 447/1740/439
f 440/1741/440 433/1742/440 441/1743/440 448/1744/440
f 441/1745/441 442/1746/441 354/1747/441 353/1748/441
f 442/1749/442 443/1750/442 355/1751/442 354/1752/442
f 443/1753/443 444/1754/443 356/1755/443 355/1756/443
f 444/1757/444 445/1758/444 357/1759/444 356/1760/444
f 445/1761/445 446/1762/445 358/1763/445 357/1764/445
f 446/1765/446 447/1766/446 359/1767/446 358/1768/446
f 447/1769/447 448/1770/447 360/1771/447 359/1772/447
f 448/1773/448 441/1774/448 353/1775/448 360/1776/448